Наименование;Цена опт,руб.;Екатеринбург;Краснодар;Санкт-Петербург
Aurora;;;;
Летние;;;;
Aurora 145R12 72T Brand Economy tire 885 распр.;400,00  ;0;0;0
Aurora 155/80R13 79T Brand Economy tire 885 распр.;400,00  ;0;0;0
Aurora 195/70R14 91T Brand Economy tire 885 распр.;500,00  ;0;0;0
Aurora 155/65R14 75T K706;1 780,00  ;0;0;0
Aurora 195/65R14 89H Optimo Plus II K402 распр.;400,00  ;0;0;0
Aurora 195/70R14 91H Optimo Plus II K402 распр.;400,00  ;0;0;0
K109;;;;
Aurora 205/55ZR15 88W Radial K109 распр.;800,00  ;0;0;1
Aurora 225/55R16 99W XL Radial K109 распр.;1 000,00  ;0;0;1
Aurora 245/40ZR17 91W XL Radial K109 распр.;1 400,00  ;0;0;16
Aurora 31*10.5R15 109Q All Terrain RF05 LT;5 230,00  ;0;0;4
Aurora 235/75R15 105S Radial RH04 распр.;2 000,00  ;0;0;1
Aurora 235/75R15 104/101S Radial RH04 распр.;1 000,00  ;0;0;1
Aurora 255/70R16 109S Radial RH04 ;4 200,00  ;0;0;10
Aurora 245/75R16 120/116Q Radial RH04 распр.;1 200,00  ;0;0;1
Aurora 275/55R20 117V XL Radial RH08 ;8 270,00  ;0;0;1
Aurora 205R16 104S All-Season Z46 LT распр.;900,00  ;0;0;0
Aurora 165/70R13 79T W602 распр.;1 393,00  ;0;0;1
Aurora 165/65R14 79T W602 распр.;1 785,00  ;0;0;1
Aurora 185/70R14 88T W602;1 750,00  ;0;0;1
Aurora 185/55R15 82H W602 распр.;600,00  ;0;0;1
Aurora 195/55R15 85H W602;2 920,00  ;0;0;4
Aurora 205/55R16 91H W602;3 130,00  ;0;0;1
Aurora 205/65 R16C 107/105T W602;3 350,00  ;0;0;1
Aurora 185/65R15 88T 948 Zovac 2000 распр.;500,00  ;0;0;0
Aurora 205/65R15 94T 948 Zovac 2000 распр.;500,00  ;0;0;0
Aeolus;;;;
летние;;;;
AU01;;;;
Aeolus 205/55R16 91V STEERING ACE AU01;2 490,00  ;0;0;1
Aeolus 215/55R16 93V STEERING ACE AU01;2 700,00  ;0;0;20+
Aeolus 215/45R17 87W STEERING ACE AU01;2 920,00  ;0;0;20+
AH01;;;;
Aeolus 195/65R15 91H PRECESION ACE AH01;2 000,00  ;0;0;13
Aeolus 205/65R15 94H PRECESION ACE AH01;2 170,00  ;0;0;3
Aeolus 195/60R15 88H PRECESION ACE AH01;2 030,00  ;0;0;20+
Aeolus 185/55R15 82V PRECESION ACE AH01;2 140,00  ;0;0;20+
Aeolus 195/55R15 85V PRECESION ACE AH01;2 180,00  ;0;0;3
Aeolus 205/60R16 92H PRECESION ACE AH01;2 380,00  ;0;0;20+
Aeolus 215/50R17 91V PRECESION ACE AH01;3 070,00  ;0;0;20+
AS02;;;;
Aeolus 205/70R15 96H CROSS ACE AS02;2 380,00  ;0;0;1
Aeolus 215/65R16 98H CROSS ACE AS02;2 820,00  ;0;0;20+
Cooper;;;;
Летние;;;;
Cooper 205/75R15 97S TRENDSETTER SE;3 200,00  ;0;0;2
Cooper 225/75R15 102S TRENDSETTER SE;3 300,00  ;0;0;0
Cooper 205/70R15 95S TRENDSETTER SE;3 200,00  ;0;0;1
Cooper 215/70R15 97S TRENDSETTER SE;3 400,00  ;0;0;3
Cooper 225/70R15 100S TRENDSETTER SE;3 300,00  ;0;0;1
Cooper 205/70R15 96T LIFELINER GLS (TR);3 300,00  ;0;0;1
Cooper 205/55R16 91T LIFELINER GLS (TR);3 220,00  ;0;0;2
CS4 TOURING;;;;
Cooper 235/60R17  102T CS4 TOURING (TR);5 020,00  ;0;0;2
Cooper 215/55R17  94V CS4 TOURING (VR);5 000,00  ;0;0;17
Cooper 235/50R17  96V CS4 TOURING (VR);5 700,00  ;0;0;6
Cooper 235/65R18  106T CS4 TOURING (TR);5 500,00  ;0;0;19
Cooper 235/55R19  105H CS4 TOURING (HR);6 700,00  ;0;0;20+
ZEON 2XS;;;;
Cooper 205/50R17 93W XL ZEON 2XS;4 400,00  ;0;0;2
Cooper 235/45R17  94Y ZEON 2XS;5 500,00  ;0;0;2
Cooper 245/45R17  95W  ZEON 2XS;5 810,00  ;0;0;15
Cooper 205/40R17 84W RF  ZEON 2XS;4 590,00  ;0;0;0
Cooper 215/40R17 83Y  ZEON 2XS;4 620,00  ;0;0;17
Cooper 255/40R17 94Y ZEON 2XS;6 000,00  ;0;0;18
Cooper 225/45R18  95W RF ZEON 2XS;6 470,00  ;0;0;18
Cooper 225/40R18 92Y RF ZEON 2XS;6 000,00  ;0;0;1
Cooper 235/40R18  91Y ZEON 2XS;6 500,00  ;0;0;8
Cooper 245/40R18  97Y XL ZEON 2XS;7 080,00  ;0;0;13
Cooper 255/35R18 94Y ZEON 2XS;7 700,00  ;0;0;9
Cooper 235/35R19 91Y  ZEON 2XS;8 180,00  ;0;0;15
Cooper 245/35R19 93Y XL  ZEON 2XS;8 070,00  ;0;0;4
Cooper 255/35R19 96Y XL  ZEON 2XS;8 880,00  ;0;0;20+
Cooper 275/30R19 96Y XL  ZEON 2XS;9 500,00  ;0;0;16
ZEON RS3-A;;;;
Cooper 225/45R18 95W ZEON RS3-A;6 180,00  ;0;0;20+
Cooper 235/40R18 95W ZEON RS3-A;6 200,00  ;0;0;12
"ZEON 4XS
";;;;
Cooper 235/60R18  103V ZEON 4XS;6 200,00  ;0;0;2
Cooper 255/55R18  109Y XL ZEON 4XS;6 200,00  ;0;0;20
Cooper 255/50R19  103V ZEON 4XS;7 000,00  ;0;0;20+
Cooper 275/45R19 108Y XL  ZEON 4XS;7 780,00  ;0;0;20+
Cooper 285/45R19 107V XL  ZEON 4XS;8 880,00  ;0;0;2
Cooper 275/45R20 110Y XL  ZEON 4XS;8 800,00  ;0;4;14
Cooper 275/40R20 106Y XL  ZEON 4XS;8 700,00  ;0;4;0
ZEON XST, XST-A;;;;
Cooper 235/70R16  106H ZEON XST-A;4 600,00  ;0;0;20+
Cooper 255/65R16  109H  ZEON XST-A распр.;2 000,00  ;0;0;1
Cooper 275/55R17  109V  ZEON XST-A;5 800,00  ;0;0;8
Cooper 305/40R22  114V  XL ZEON XST-A;10 100,00  ;0;0;8
ZEON XTC;;;;
Cooper 205/55R16  91H  ZEON XTC;3 300,00  ;0;0;1
Cooper 215/55R16 97H XL ZEON XTC;3 970,00  ;0;0;1
ZEON CS6;;;;
Cooper 205/50R15  86V  ZEON CS6;3 400,00  ;0;0;10
Cooper 205/60R16  92V  ZEON CS6;3 870,00  ;0;0;0
Cooper 215/60R16  99V  ZEON CS6;4 300,00  ;0;0;0
Cooper 225/55R16  95V  ZEON CS6;5 080,00  ;0;0;9
Cooper 225/55R16 95Y ZEON CS6;4 980,00  ;0;0;5
Cooper 225/55R16  95W ZEON CS6;5 100,00  ;4;0;20
Cooper 225/55R17  101W XL ZEON CS6;6 100,00  ;0;0;19
Cooper 215/50R17  91W ZEON CS6;5 300,00  ;0;0;2
Cooper 225/45R17  94V XL ZEON CS6;5 100,00  ;8;0;0
Cooper 235/45R17  94W  ZEON CS6;5 300,00  ;0;0;20+
Cooper 245/45R17  95Y ZEON CS6;6 200,00  ;0;0;14
Cooper 225/40R18  92W XL ZEON CS6;6 000,00  ;0;0;16
Всесезонные;;;;
DISCOVERER ATR;;;;
Cooper 265/70R15 112S DISCOVERER ATR;4 180,00  ;0;0;1
Cooper LT225/75R16 115/112R DISCOVERER ATR;5 200,00  ;0;0;19
Cooper LT245/75R16 120/116R DISCOVERER ATR;5 700,00  ;0;0;20+
Cooper LT265/75R16 123/120R DISCOVERER ATR;6 400,00  ;0;0;20+
Cooper LT265/70R17 121/118R DISCOVERER ATR;6 900,00  ;0;0;20+
Cooper 255/65R17 110S DISCOVERER ATR;6 200,00  ;0;0;1
Cooper 235/60R17 102T DISCOVERER ATR;5 800,00  ;0;0;1
Cooper 235/60R17 102T DISCOVERER A/T3;5 500,00  ;0;0;4
DISCOVERER H/T;;;;
Cooper P235/70R15  102S DISCOVERER H/T;4 100,00  ;0;0;20+
Cooper P265/70R17  113S DISCOVERER H/T;5 400,00  ;0;0;2
Cooper 235/65R17  104S DISCOVERER H/T;5 040,00  ;0;0;1
Cooper 265/60R18  114T DISCOVERER H/T PLUS ;6 500,00  ;0;0;3
Cooper 255/55R18  109T DISCOVERER H/T PLUS;5 900,00  ;0;0;2
Cooper 275/60R20  119T XL DISCOVERER H/T PLUS;7 870,00  ;0;0;7
Cooper 275/55R20  117T XL DISCOVERER H/T PLUS;9 000,00  ;0;0;2
Cooper 305/50R20  120T XL DISCOVERER H/T PLUS;10 200,00  ;0;0;12
Cooper 275/45R20  110T XL DISCOVERER H/T PLUS;7 800,00  ;0;0;20+
Cooper  LT325/65R18 127/124N DISCOVERER STT;10 680,00  ;0;0;1
Cooper 31X10.50R15LT 109Q DISCOVERER S/T;5 280,00  ;0;0;2
Cooper 33X12.50R17LT 114Q DISCOVERER S/T;8 070,00  ;0;0;2
Зимние;;;;
WEATHERMASTER WSC;;;;
Cooper 205/50R17 93T XL WEATHERMASTER WSC шип.;4 740,00  ;0;0;13
Cooper 235/55R17 103T XL WEATHERMASTER WSC;6 050,00  ;0;0;14
Cooper 235/55R17 103T XL WEATHERMASTER WSC шип.;6 290,00  ;0;0;20
Cooper 235/65R18 106T WEATHERMASTER WSC шип.;6 180,00  ;0;0;3
Cooper 235/60R18 107T XL WEATHERMASTER WSC;6 080,00  ;0;0;4
Cooper 235/60R18 107T XL WEATHERMASTER WSC шип.;6 380,00  ;0;0;20+
WEATHER-MASTER S/T2;;;;
Cooper 225/75R15 102S WEATHER-MASTER S/T2 шип.;3 840,00  ;0;0;13
Cooper 215/70R15 98S WEATHER-MASTER S/T2 шип.;3 630,00  ;0;0;4
Cooper 235/65R16 103T WEATHER-MASTER S/T2;4 830,00  ;0;0;4
Cooper 235/65R16 103T WEATHER-MASTER S/T2 шип.;5 070,00  ;0;0;12
Cooper 215/60R16 95T WEATHER-MASTER S/T2 шип.;4 120,00  ;0;0;2
Cooper 225/60R16 98T WEATHER-MASTER S/T2 шип.;4 550,00  ;0;0;4
Cooper 215/65R17 99T WEATHER-MASTER S/T2 ;5 780,00  ;0;0;20+
Cooper 215/65R17 99T WEATHER-MASTER S/T2 шип.;6 020,00  ;0;0;20+
Cooper 225/65R17 102T WEATHER-MASTER S/T2 шип.;5 580,00  ;0;0;19
Cooper 215/60R17 96T WEATHER-MASTER S/T2;4 800,00  ;0;0;20+
Cooper 215/60R17 96T WEATHER-MASTER S/T2 шип.;5 040,00  ;0;0;10
Cooper 215/55R17 94T WEATHER-MASTER S/T2 шип.;5 490,00  ;0;0;2
Cooper 225/55R17 97T WEATHER-MASTER S/T2 шип.;5 580,00  ;0;0;19
WEATHER-MASTER ST3;;;;
Cooper 205/60R16 96T XL WEATHER-MASTER ST3 шип.;3 890,00  ;0;0;1
WEATHER-MASTER SNOW;;;;
Cooper 225/55R16 95H WEATHER-MASTER SNOW (HR);4 780,00  ;0;0;20+
Cooper 225/55R17 101V XL WEATHER-MASTER SNOW (VR);5 780,00  ;0;0;3
Cooper 205/50R17 93H XL WEATHER-MASTER SNOW (HR);4 600,00  ;0;0;20+
Cooper 225/45R17 91H WEATHER-MASTER SNOW (HR);5 780,00  ;0;0;20+
Cooper 225/40R18 92V XL WEATHER-MASTER SNOW (VR);5 780,00  ;0;0;8
DISCOVERER M+S SPORT;;;;
Cooper 205/70R15 96T DISCOVERER M+S SPORT;3 570,00  ;0;0;20+
Cooper 215/70R16 100T DISCOVERER M+S SPORT;4 620,00  ;0;0;3
Cooper 245/70R16 107T DISCOVERER M+S SPORT;5 490,00  ;0;0;5
Cooper 265/70R16 112T DISCOVERER M+S SPORT;6 300,00  ;0;0;20+
Cooper 215/65R16 98H DISCOVERER M+S SPORT;4 500,00  ;0;0;20+
Cooper 225/65R17 102T DISCOVERER M+S SPORT;5 670,00  ;0;0;20+
Cooper 265/65R17 112H DISCOVERER M+S SPORT;6 000,00  ;0;0;5
Cooper 255/60R17 106H DISCOVERER M+S SPORT;6 490,00  ;0;0;4
Cooper 235/60R18 107H XL DISCOVERER M+S SPORT;6 000,00  ;0;0;2
DISCOVERER M+S2;;;;
Cooper 205/70R15 96T DISCOVERER M+S2;3 420,00  ;0;0;20+
Cooper 205/70R15 96T DISCOVERER M+S2 шип.;3 630,00  ;0;0;3
Cooper 225/75R16 104T DISCOVERER M+S2;5 250,00  ;0;0;1
Cooper 225/70R16 103T DISCOVERER M+S2;4 920,00  ;0;0;20+
Cooper 225/70R16 103T DISCOVERER M+S2 шип.;5 160,00  ;0;0;20+
Cooper 245/70R16 107T DISCOVERER M+S2 шип.;5 730,00  ;0;0;1
Cooper 265/70R16 112T DISCOVERER M+S2;6 300,00  ;0;0;14
Cooper 265/70R16 112T DISCOVERER M+S2 шип.;6 540,00  ;0;0;20
Cooper 215/65R16 98T DISCOVERER M+S2 шип.;4 540,00  ;0;0;1
Cooper 225/65R17 102T DISCOVERER M+S2;5 670,00  ;0;0;20+
Cooper 225/65R17 102T DISCOVERER M+S2  шип.;5 910,00  ;0;0;20+
Cooper 255/55R18 109T XL DISCOVERER M+S2;6 020,00  ;0;0;20+
Cooper 255/55R18 109T XL DISCOVERER M+S2 шип.;6 320,00  ;0;0;20+
DISCOVERER M+S;;;;
Cooper LT31*10.5R15 109Q DISCOVERER M+S шип.;6 090,00  ;0;0;10
Cooper LT235/75R15 104/101Q DISCOVERER M+S шип.;4 990,00  ;0;0;3
Cooper 225/70R16 103S DISCOVERER M+S шип.;4 810,00  ;0;0;18
Cooper 275/60R20 119S RF DISCOVERER M+S шип.;9 000,00  ;0;0;20+
Hankook;;;;
Летние;;;;
K115;;;;
Hankook 195/65R15 91V VENTUS Prime 2 K115;2 600,00  ;0;0;2
Hankook 205/55R15 92V VENTUS Prime 2 K115;3 400,00  ;4;0;14
Hankook 235/60R16 100W VENTUS Prime 2 K115;4 600,00  ;0;0;0
Hankook 225/55R16 99W VENTUS Prime 2 K115;4 500,00  ;0;0;8
Hankook 215/55R17 94W VENTUS Prime 2 K115;5 300,00  ;0;0;2
Hankook 225/55R17 101W VENTUS Prime 2 K115;5 700,00  ;0;1;0
Hankook 205/50R17 93W VENTUS Prime 2 K115;4 700,00  ;0;0;2
Hankook 215/45R17 91W VENTUS Prime 2 K115;4 650,00  ;0;0;2
Hankook 225/45R17 94W VENTUS Prime 2 K115;4 880,00  ;0;4;1
Hankook 225/45R17 91V VENTUS Prime 2 K115;4 880,00  ;0;0;3
Hankook 225/45R18 95V VENTUS Prime 2 K115;6 300,00  ;0;0;20+
K114;;;;
Hankook 215/55R17 94W VENTUS ME01 K114;5 300,00  ;0;0;20+
Hankook 235/55R17 99W VENTUS ME01 K114;5 300,00  ;0;0;20+
K425;;;;
Hankook 165/60R14 75T KINERGY eco K425;2 150,00  ;0;0;2
Hankook 175/65R14 82H KINERGY eco K425;1 870,00  ;0;0;20+
Hankook 195/65R15 91H KINERGY eco K425;2 280,00  ;0;0;2
Hankook 205/60R15 91H KINERGY eco K425;2 900,00  ;0;0;1
Hankook 205/60R16 92H KINERGY eco K425;3 100,00  ;0;0;1
Hankook 195/55R16 87H KINERGY eco K425;3 740,00  ;0;0;1
K424;;;;
Hankook 175/70R14 84H OPTIMO ME02(K424);1 950,00  ;0;0;3
Hankook 225/60R16 98H OPTIMO ME02(K424);4 200,00  ;0;0;20+
K110;;;;
Hankook 205/55R16 94W XL Ventus V12 evo K110;3 350,00  ;0;0;20+
Hankook 205/50ZR17 93Y XL Ventus V12 evo K110;4 800,00  ;0;0;20+
Hankook 205/45R17 88W XL Ventus V12 evo K110;4 580,00  ;0;0;20+
Hankook 215/45R17 91W XL Ventus V12 evo K110;4 650,00  ;0;0;20+
Hankook 225/45ZR17 94Y XL Ventus V12 evo K110;4 880,00  ;0;0;20+
Hankook 235/45R17 97Y Ventus V12 evo K110;5 000,00  ;0;0;20+
Hankook 245/45ZR17 99Y XL Ventus V12 evo K110;5 700,00  ;0;0;20+
Hankook 215/40R17 87Y Ventus V12 evo K110;5 100,00  ;0;0;20
Hankook 245/40R17 95Y XL Ventus V12 evo K110;5 600,00  ;0;0;20+
Hankook 255/40R17 98Y Ventus V12 evo K110;6 300,00  ;0;0;20
Hankook 225/60ZR18 100W Ventus V12 evo K110;6 300,00  ;0;0;18
Hankook 215/50R18 96Y XL Ventus V12 evo K110;4 800,00  ;0;0;7
Hankook 225/45ZR18 95Y XL Ventus V12 evo K110;6 500,00  ;0;0;20+
Hankook 245/45ZR18 100Y XL Ventus V12 evo K110;6 700,00  ;0;0;20+
Hankook 255/45ZR18 103Y XL Ventus V12 evo K110;7 000,00  ;0;0;20+
Hankook 225/40ZR18 92Y XL Ventus V12 evo K110;6 000,00  ;0;0;20+
Hankook 235/40ZR18 95Y XL Ventus V12 evo K110;6 250,00  ;0;0;20+
Hankook 245/40ZR18 97Y XL Ventus V12 evo K110;6 370,00  ;0;0;20+
Hankook 255/35R18 94Y Ventus V12 evo K110;7 500,00  ;0;0;20+
Hankook 275/35R18 99Y Ventus V12 evo K110;9 200,00  ;0;0;20+
Hankook 245/45ZR19 102Y XL Ventus V12 evo K110;8 200,00  ;0;0;12
Hankook 255/40ZR19 100Y XL Ventus V12 evo K110;8 500,00  ;0;0;6
K107;;;;
Hankook 235/45ZR17 97Y XL Ventus S1 evo K107;4 800,00  ;0;0;1
Hankook 245/45ZR17 99Y XL Ventus S1 evo K107 распр.;2 000,00  ;0;0;1
Hankook 245/40ZR17 95Y XL Ventus S1 evo K107;5 870,00  ;0;0;4
Hankook 255/40ZR19 100Y XL Ventus S1 evo K107;7 300,00  ;0;0;0
Z212;;;;
Hankook 195/60R14 86V Ventus R-S2 Z212;2 100,00  ;0;0;1
Hankook 205/50ZR15 86W Ventus R-S2 Z212;3 500,00  ;0;0;0
RH06;;;;
Hankook 235/60R17 102V Ventus ST RH06;6 300,00  ;0;0;20+
Hankook 255/60R17 106V Ventus ST RH06;6 300,00  ;0;0;20+
Hankook 225/55R17 97V Ventus ST RH06;5 700,00  ;0;0;20+
Hankook 255/50R17 101W Ventus ST RH06;6 500,00  ;0;0;20+
Hankook 225/65R18 103H Ventus ST RH06;6 380,00  ;0;0;1
Hankook 265/60R18 110V Ventus ST RH06;7 500,00  ;0;0;4
Hankook 285/60R18 116V Ventus ST RH06;7 700,00  ;0;0;20+
Hankook 255/55R18 109Y XL Ventus ST RH06;6 500,00  ;0;0;20+
Hankook 285/55R18 113V Ventus ST RH06;7 900,00  ;0;0;20
Hankook 295/45R20 114V XL Ventus ST RH06;12 800,00  ;0;0;12
Hankook 295/40R20 106W Ventus ST RH06;11 800,00  ;0;0;3
Hankook 305/40R22 114V XL Ventus ST RH06;12 580,00  ;0;0;20+
RH07;;;;
Hankook 275/55R17 109V Ventus AS RH07;6 900,00  ;0;0;16
Hankook 235/60R18 107V XL Ventus AS RH07;6 580,00  ;0;0;3
Hankook 235/55R18 104V Ventus AS RH07;7 010,00  ;0;0;20+
Hankook 255/50R20 109V XL Ventus AS RH07;8 700,00  ;0;0;3
Centum / Radial K701/ Centum К702/ H720;;;;
Hankook 175/80R14 88T Centum H720 распр.;600,00  ;0;0;0
Hankook 185/70R14 88T Centum K702 распр.;600,00  ;0;0;0
Optimo K715;;;;
Hankook 145/80R12 74T Optimo K715 распр.;600,00  ;0;0;1
Hankook 155/80R13 79T Optimo K715;1 590,00  ;0;0;1
Hankook 155/70R13 75T Optimo K715;1 600,00  ;0;0;1
Hankook 165/70R13 79T Optimo K715;1 600,00  ;0;0;5
Optimo K406;;;;
Hankook 215/65R15 96H Optimo K406 распр.;1 200,00  ;0;0;0
Hankook 225/60R15 96V Optimo K406 распр.;1 000,00  ;0;0;0
Optimo K415;;;;
Hankook 215/60R15 94V Optimo K415;3 500,00  ;0;0;1
Hankook 225/60R16 98V Optimo K415;4 200,00  ;0;0;0
Hankook 195/50R16 84H Optimo K415;3 800,00  ;0;0;0
Hankook 205/45R16 83V Optimo K415;3 950,00  ;0;0;2
Ventus;;;;
Hankook 195/65R15 91V Ventus Prime K105;2 580,00  ;0;4;5
Hankook 205/50R15 86V Ventus Prime K105;3 200,00  ;0;0;7
Hankook 195/55R16 87V Ventus Prime K105 распр.;1 000,00  ;0;0;1
C-шки и 4Х4;;;;
RF10;;;;
Hankook 33x12.50R15 108R Dynapro AT-M RF10;7 180,00  ;0;0;20+
Hankook P235/75R16 109T XL Dynapro AT-M RF10;4 680,00  ;0;0;1
Hankook P265/60R18 109T Dynapro AT-M RF10;7 600,00  ;0;0;1
RA10;;;;
Hankook 195R14С 106/104Q Radial RA10;3 800,00  ;0;0;20+
Hankook 225/70R15С 112/110R Radial RA10;4 210,00  ;0;0;0
RA08;;;;
Hankook 155/70R12С 104/102N Radial RA08;2 480,00  ;0;0;3
Hankook 155R12С 88/86P Radial RA08;2 280,00  ;0;0;1
Hankook 195R14С 106/104R Radial RA08;3 500,00  ;0;0;1
Hankook 205R14С 109/107Q Radial RA08;3 900,00  ;0;0;5
Hankook 225/70R15С 112/110R Radial RA08;4 040,00  ;0;0;1
Hankook 185/75R16C 104/102R Radial RA08;4 250,00  ;18;0;0
RA23,RA25;;;;
Hankook 235/75R15 105H Dynapro HP RA23;4 350,00  ;0;0;3
Hankook 225/70R15 100H Dynapro HP RA23;4 000,00  ;0;0;7
Hankook 235/75R16 108H Dynapro HP RA23;4 600,00  ;0;0;20+
Hankook 225/70R16 102H Dynapro HP RA23;4 300,00  ;0;0;20+
Hankook 235/70R16 106H Dynapro HP RA23;4 200,00  ;0;0;20+
Hankook 245/70R16 107H Dynapro HP RA23;4 700,00  ;4;0;20+
Hankook 265/70R16 112H Dynapro HP RA23;5 200,00  ;0;0;20+
Hankook 255/65R16 109H Dynapro HP RA23;5 160,00  ;0;0;4
Hankook 265/65R17 112H Dynapro HP RA23;5 800,00  ;0;0;20+
Hankook 235/60R18 103H Dynapro HP RA23;6 300,00  ;0;0;20+
Hankook 275/60R18 117H XL Dynapro HP RA23;7 800,00  ;0;0;11
Hankook 255/55R18 109H XL Dynapro HP RA23;6 300,00  ;0;0;20+
Hankook 235/50R18 97H Dynapro HP RA23;6 900,00  ;0;0;20+
Hankook 255/55R19 111V XL Dynapro HP RA23;8 480,00  ;0;0;2
Hankook 215/75R15 100S Dynapro AT RF08 распр.;1 000,00  ;0;0;0
Hankook 265/70R16 112H Dynamic RA03 распр.;1 200,00  ;0;0;1
Зимние;;;;
W404,400,604;;;;
Hankook 195/60 R15 T W404 распр.;500,00  ;0;0;0
W300, W310;;;;
Hankook 215/70R16 100T i*cept evo W310;4 700,00  ;0;0;2
Hankook 265/70R16 112T i*cept evo W310;6 300,00  ;0;0;6
Hankook 215/65R16 98H ICEBEAR W300 распр.;2 000,00  ;0;0;1
Hankook 245/65R17 107H ICEBEAR W300 распр.;2 000,00  ;0;0;2
Hankook 255/55R18 109V XL ICEBEAR W300 распр.;2 000,00  ;0;0;1
W401;;;;
Hankook  185/70 R13 86Q Zovac W401 распр.;500,00  ;0;0;1
Hankook  185/70 R13 86Q Zovac W401 шип.;2 560,00  ;0;0;18
Hankook  205/70 R14 95Q Zovac W401 шип.;3 780,00  ;0;0;3
RW09;;;;
Hankook 195R14С 106/104R Winter i-Pike LT RW09 шип.;3 760,00  ;0;0;4
Hankook 185/75R16С 104/102R Winter i-Pike LT RW09 шип.;4 870,00  ;0;0;1
Hankook 235/65R16С 115/113R Winter i-Pike LT RW09 шип.;5 820,00  ;0;0;1
W409;;;;
Hankook 175/70 R13 82T i Pike W409 шип.;2 070,00  ;0;0;4
Hankook 165/80 R14 85Q i Pike W409;2 400,00  ;0;0;8
Hankook 165/80 R14 85Q i Pike W409 шип.;2 580,00  ;0;0;16
Hankook 175/80 R14 88Q i Pike W409 шип.;3 080,00  ;0;0;4
Hankook 185/75 R14 89S i Pike W409 шип. распр.;1 000,00  ;0;0;1
Hankook 165/70 R14 85T XL i Pike W409 шип.;2 830,00  ;0;0;9
Hankook 175/70 R14 84T i Pike W409 шип.;2 190,00  ;0;0;6
Hankook 165/65R14 79T i Pike W409 шип;2 770,00  ;0;0;1
Hankook P225/75 R15 102S i Pike W409 шип.;4 220,00  ;0;0;3
Hankook 215/70 R15 98S i Pike W409 шип.;3 790,00  ;0;0;9
Hankook 195/60 R15 88T i Pike W409 шип.;3 000,00  ;0;0;2
Hankook 215/60 R15 94T i Pike W409 шип. распр.;1 000,00  ;0;0;1
Hankook 225/60 R16 102T i Pike W409 шип.;4 910,00  ;0;0;4
Hankook 215/65 R17 98T i Pike W409;6 120,00  ;0;0;20+
Hankook 215/65 R17 98T i Pike W409 шип.;6 360,00  ;0;0;12
W440;;;;
Hankook 195/70R15 RF 97T W440 распр.;1 000,00  ;0;0;0
Hankook 195/65R15 91T W440 распр.;800,00  ;0;0;0
W442;;;;
Hankook 175/70R13 82T i *Cept RS W442;1 950,00  ;0;0;7
Hankook 185/65R14 86T i *Cept RS W442;2 470,00  ;0;0;2
Hankook 205/70R15 96T i *Cept RS W442;3 570,00  ;0;0;20+
Hankook 195/65R15 91T i *Cept RS W442;2 540,00  ;0;0;1
Hankook 195/60R15 88T i *Cept RS W442;2 800,00  ;0;0;17
W605;;;;
Hankook 165/70R13 79Q i *Cept W605;1 700,00  ;0;0;2
Hankook 175/65R14 82Q i *Cept W605;2 200,00  ;0;0;1
Hankook 215/70R15 98Q i *Cept W605 распр.;1 000,00  ;0;0;1
Hankook 205/65R16 95Q i *Cept W605;4 230,00  ;0;0;4
Hankook 225/45R17 91Q i *Cept W605;5 800,00  ;0;0;4
RW06;;;;
Hankook 175/65R14C 86T RW06;3 000,00  ;0;0;3
Hankook 205/65R16С 107/105T RW06;4 800,00  ;0;0;1
Hankook 215/60R17С 109/107T RW06;5 600,00  ;0;0;20+
RW11;;;;
Hankook 31x10.5 R15 109Q i Pike RW11 шип. распр.;2 000,00  ;0;0;1
Hankook 215/75R16 103T i Pike RW11 шип.;5 740,00  ;0;0;12
Hankook 245/75R16 111T i Pike RW11;7 870,00  ;0;0;12
Hankook 245/75R16 111T i Pike RW11 шип.;8 110,00  ;0;0;12
Hankook 225/70 R16 103T i Pike RW11;4 950,00  ;0;0;20+
Hankook 225/70 R16 103T i Pike RW11 шип.;5 190,00  ;0;0;20+
Hankook 235/70R16 109T i Pike RW11 шип.;5 580,00  ;0;0;4
Hankook 245/70 R16 107T i Pike RW11;5 580,00  ;0;0;20+
Hankook 245/70 R16 107T i Pike RW11 шип.;5 820,00  ;0;0;20
Hankook 225/65R16 100T i Pike RW11 шип.;6 940,00  ;0;0;8
Hankook 235/65R16 103T i Pike RW11 шип.;5 440,00  ;0;0;8
Hankook 245/75 R17 121/118Q i Pike RW11 шип.;6 110,00  ;0;0;2
Hankook 225/65 R17 102T i Pike RW11;5 580,00  ;0;0;20+
Hankook 225/65 R17 102T i Pike RW11 шип.;5 820,00  ;0;0;20+
Hankook 275/65 R17 115T i Pike RW11;6 080,00  ;0;0;20+
Hankook 275/65 R17 115T i Pike RW11 шип.;6 320,00  ;0;0;20
Hankook 225/55R17 97T i Pike RW11;6 370,00  ;0;0;20+
Hankook 225/55R17 97T i Pike RW11 шип.;6 610,00  ;0;0;20+
Hankook 235/55R17 99T i Pike RW11 шип.;6 720,00  ;0;0;6
Hankook 235/65R18 104T i Pike RW11;6 780,00  ;0;0;16
Hankook 235/65R18 104T i Pike RW11 шип.;7 080,00  ;0;0;20+
Hankook 245/60 R18 104T i Pike RW11 шип.;5 850,00  ;0;0;1
Hankook 225/55 R18 98T i Pike RW11 шип.;6 500,00  ;0;0;1
Hankook 235/55 R18 100T i Pike RW11 шип.;6 280,00  ;0;0;3
Hankook 255/55 R18 109T i Pike RW11 шип.;6 320,00  ;0;0;1
Hankook 255/50 R19 103T i Pike RW11 шип.;7 380,00  ;0;0;9
Hankook 275/60 R20 114T i Pike RW11 шип.;9 400,00  ;0;0;16
Hankook 275/55 R20 111T i Pike RW11 шип.;9 080,00  ;0;0;6
Hankook 275/40R20 106T i Pike RW11;8 070,00  ;0;0;20
Hankook 275/40R20 106T i Pike RW11 шип.;8 370,00  ;0;0;20
GT Radial;;;;
Летние;;;;
CHAMPIRO HPY;;;;
GT Radial 235/65R17 108V CHAMPIRO HPY;4 170,00  ;0;0;9
GT Radial 205/50R17 93W CHAMPIRO HPY;3 400,00  ;0;0;20+
GT Radial 235/50R17 100W CHAMPIRO HPY;4 170,00  ;0;0;20+
GT Radial 235/45R17 97Y CHAMPIRO HPY;3 980,00  ;0;0;20+
GT Radial 245/45R17 99Y CHAMPIRO HPY;3 980,00  ;0;0;1
GT Radial 245/40R17 95Y CHAMPIRO HPY;4 270,00  ;0;0;2
GT Radial 255/40R17 98Y CHAMPIRO HPY;4 170,00  ;0;0;18
GT Radial 235/55R18 104W CHAMPIRO HPY;4 830,00  ;0;0;1
GT Radial 255/55R18 109Y CHAMPIRO HPY;5 420,00  ;0;0;20+
GT Radial 225/45R18 91Y CHAMPIRO HPY;4 850,00  ;0;0;0
GT Radial 255/45R18 103Y CHAMPIRO HPY;5 610,00  ;0;0;20+
GT Radial 235/40R18 95Y CHAMPIRO HPY;4 830,00  ;0;0;0
GT Radial 245/40R18 97Y CHAMPIRO HPY;4 970,00  ;0;0;0
GT Radial 255/35R18 94Y CHAMPIRO HPY;5 130,00  ;0;0;5
GT Radial 255/50R19 107Y CHAMPIRO HPY;6 110,00  ;0;0;20+
GT Radial 255/40R19 96Y CHAMPIRO HPY;6 580,00  ;0;0;20+
GT Radial 235/35R19 91Y CHAMPIRO HPY;5 190,00  ;0;0;20+
GT Radial 255/35R19 96Y CHAMPIRO HPY;6 310,00  ;0;0;2
GT Radial 255/45R20 101Y CHAMPIRO HPY;6 310,00  ;0;0;17
GT Radial 255/35R20 97Y CHAMPIRO HPY;7 350,00  ;0;0;20
CHAMPIRO UHP1;;;;
GT Radial 205/55R15 88V CHAMPIRO UHP1;2 620,00  ;0;0;20+
GT Radial 215/55R16 97W CHAMPIRO UHP1;3 220,00  ;0;0;20
GT Radial 225/55R16 99W CHAMPIRO UHP1;3 420,00  ;0;0;20+
GT Radial 195/50R16 88V CHAMPIRO UHP1;2 510,00  ;0;0;20+
GT Radial 225/50R16 96W CHAMPIRO UHP1;3 280,00  ;0;0;20+
GT Radial 215/55R17 94W CHAMPIRO UHP1;3 770,00  ;0;0;20+
GT Radial 225/55R17 101W CHAMPIRO UHP1;3 840,00  ;0;0;20
GT Radial 205/50R17 93W CHAMPIRO UHP1;3 200,00  ;0;0;16
GT Radial 215/50R17 95W CHAMPIRO UHP1;3 590,00  ;0;0;20+
GT Radial 225/50R17 98W CHAMPIRO UHP1;3 640,00  ;0;0;4
GT Radial 205/45R17 88W CHAMPIRO UHP1;3 090,00  ;0;0;12
GT Radial 235/45R17 97W CHAMPIRO UHP1;3 500,00  ;0;0;20+
GT Radial 215/40R17 87W CHAMPIRO UHP1;3 690,00  ;0;0;20+
GT Radial 245/45R18 100W CHAMPIRO UHP1;4 340,00  ;0;0;20+
GT Radial 235/40R18 95W CHAMPIRO UHP1;4 640,00  ;0;0;8
GT Radial 245/40R18 97W CHAMPIRO UHP1;4 730,00  ;0;0;20+
CHAMPIRO VP1;;;;
GT Radial 155/70R13 75T CHAMPIRO VP1;1 380,00  ;0;0;20+
GT Radial 175/70R13 82T CHAMPIRO VP1;1 600,00  ;0;0;20+
GT Radial 165/65R13 77T CHAMPIRO VP1;1 600,00  ;0;0;20+
GT Radial 175/70R14 88T CHAMPIRO VP1;1 710,00  ;0;0;20
GT Radial 195/70R14 91T CHAMPIRO VP1;1 900,00  ;0;0;20+
GT Radial 155/65R14 75T CHAMPIRO VP1;1 720,00  ;0;0;8
GT Radial 165/65R14 79T CHAMPIRO VP1;1 730,00  ;0;0;16
GT Radial 175/65R14 82T CHAMPIRO VP1;1 650,00  ;0;0;20+
GT Radial 185/65R14 86H CHAMPIRO VP1;1 880,00  ;0;0;20+
GT Radial 185/60R14 82H CHAMPIRO VP1;1 820,00  ;0;0;20+
GT Radial 175/65R15 84H CHAMPIRO VP1;2 140,00  ;0;0;20+
GT Radial 205/65R15 94H CHAMPIRO VP1;2 260,00  ;0;0;16
GT Radial 215/65R15 96H CHAMPIRO VP1;2 570,00  ;0;0;20+
GT Radial 195/60R15 88H CHAMPIRO VP1;2 120,00  ;0;0;20+
GT Radial 185/55R15 82H CHAMPIRO VP1;2 040,00  ;0;0;1
GT Radial 195/55R15 85H CHAMPIRO VP1;2 430,00  ;0;0;20+
GT Radial 205/60R16 92H CHAMPIRO VP1;2 540,00  ;0;0;20+
GT Radial 215/60R16 95H CHAMPIRO VP1;2 840,00  ;0;0;20+
GT Radial 225/60R16 98H CHAMPIRO VP1;2 890,00  ;0;0;20+
GT Radial 235/60R16 100H CHAMPIRO VP1;3 110,00  ;0;0;20+
GT Radial 195/55R16 91H CHAMPIRO VP1;2 870,00  ;0;0;20+
CHAMPIRO HPX;;;;
GT Radial 195/50R15 82W CHAMPIRO HPX;2 300,00  ;0;0;1
GT Radial 225/60R16 98V CHAMPIRO HPX;3 590,00  ;0;0;2
GT Radial 235/60R16 100V CHAMPIRO HPX;3 880,00  ;0;0;3
GT Radial 205/55R16 94W CHAMPIRO HPX;3 060,00  ;12;0;0
GT Radial 215/55R16 97W CHAMPIRO HPX;3 480,00  ;0;0;0
GT Radial 225/55R16 99W CHAMPIRO HPX;3 670,00  ;0;0;0
GT Radial 205/50R16 91W CHAMPIRO HPX;3 300,00  ;0;0;2
GT Radial 225/50R16 96W CHAMPIRO HPX;3 670,00  ;0;0;20+
GT Radial 205/45R16 87W CHAMPIRO HPX;3 300,00  ;0;0;0
GT Radial 215/55R17 94W CHAMPIRO HPX;3 990,00  ;0;0;0
GT Radial 235/55R17 103W CHAMPIRO HPX;4 290,00  ;0;0;4
GT Radial 205/50R17 93W CHAMPIRO HPX;3 690,00  ;0;0;0
GT Radial 215/50R17 95W CHAMPIRO HPX;4 080,00  ;0;2;0
GT Radial 225/50R17 98W CHAMPIRO HPX;3 980,00  ;0;0;0
GT Radial 235/50R17 96W CHAMPIRO HPX;4 170,00  ;0;0;0
GT Radial 205/45R17 88W CHAMPIRO HPX;3 650,00  ;0;0;1
GT Radial 215/45R17 91W CHAMPIRO HPX;3 790,00  ;8;4;0
GT Radial 225/45R17 94W CHAMPIRO HPX;3 540,00  ;0;0;1
GT Radial 245/45R17 99W CHAMPIRO HPX;3 880,00  ;0;0;10
GT Radial 235/40R17 94W CHAMPIRO HPX;3 880,00  ;0;0;4
GT Radial 245/40R17 91W CHAMPIRO HPX;4 060,00  ;0;0;4
GT Radial 245/45R18 100W CHAMPIRO HPX;5 050,00  ;0;0;1
GT Radial 245/35R19 93W CHAMPIRO HPX;5 610,00  ;0;0;17
GT Radial 245/35R20 95W CHAMPIRO HPX;6 310,00  ;0;0;20+
CHAMPIRO ECO;;;;
GT Radial 145/70R13 71T CHAMPIRO ECO;1 510,00  ;0;0;20+
GT Radial 155/70R13 75T CHAMPIRO ECO;1 440,00  ;0;0;1
GT Radial 165/70R13 79T CHAMPIRO ECO;1 460,00  ;0;0;20+
GT Radial 165/70R14 85T CHAMPIRO ECO;1 850,00  ;0;0;5
GT Radial 185/70R14 88H CHAMPIRO ECO;1 940,00  ;0;0;20+
GT Radial 155/65R14 75T CHAMPIRO ECO;1 750,00  ;0;0;17
GT Radial 165/65R14 79T CHAMPIRO ECO;1 780,00  ;0;0;3
GT Radial 175/65R14 86T CHAMPIRO ECO;1 700,00  ;0;0;0
GT Radial 185/65R14 86H CHAMPIRO ECO;1 920,00  ;0;0;20+
GT Radial 205/70R15 96T CHAMPIRO ECO;2 800,00  ;0;0;2
GT Radial 175/65R15 84H CHAMPIRO ECO;2 210,00  ;0;0;2
GT Radial 185/65R15 88H CHAMPIRO ECO;2 040,00  ;0;0;2
GT Radial 195/65R15 91H CHAMPIRO ECO;2 140,00  ;0;4;20+
GT Radial 185/60R15 88H CHAMPIRO ECO;2 240,00  ;0;0;3
GT Radial 205/60R15 91H CHAMPIRO ECO;2 430,00  ;0;0;3
GT Radial 205/60R16 92H CHAMPIRO ECO;2 720,00  ;0;0;20+
CHAMPIRO BAX2;;;;
GT Radial 195/65R15 91V CHAMPIRO BAX2;2 250,00  ;0;0;0
GT Radial 195/60R15 88V CHAMPIRO BAX2;2 600,00  ;20;0;0
GT Radial 205/60R15 91V CHAMPIRO BAX2;2 620,00  ;0;0;0
GT Radial 225/60R15 96V CHAMPIRO BAX2;2 900,00  ;0;0;9
GT Radial 185/55R15 82V CHAMPIRO BAX2;2 530,00  ;0;0;20+
GT Radial 205/55R15 88V CHAMPIRO BAX2;2 870,00  ;0;0;1
GT Radial 195/50R15 82V CHAMPIRO BAX2;2 250,00  ;0;0;4
GT Radial 205/50R15 86V CHAMPIRO BAX2;2 620,00  ;0;0;0
GT Radial 225/60R16 98V CHAMPIRO BAX2;3 500,00  ;0;0;20+
GT Radial 185/55R16 83V CHAMPIRO BAX2;2 620,00  ;0;0;20+
GT Radial 205/55R16 91V CHAMPIRO BAX2;2 620,00  ;0;4;1
GT Radial 215/55R16 93V CHAMPIRO BAX2;3 300,00  ;0;0;3
CHAMPIRO 728, 128;;;;
GT Radial 205/65R15 94H CHAMPIRO 128;2 260,00  ;0;0;20+
GT Radial 215/65R15 96H CHAMPIRO 128;2 720,00  ;0;0;4
GT Radial 215/60R16 95H CHAMPIRO 128;3 010,00  ;0;0;0
CHAMPIRO 228;;;;
GT Radial 185/60R14 82H CHAMPIRO 228;1 820,00  ;0;0;2
GT Radial 185/65R15 88H CHAMPIRO 228;2 040,00  ;0;0;20+
GT Radial 205/65R15 94V CHAMPIRO 228;2 430,00  ;0;0;20
GT Radial 185/60R15 84H CHAMPIRO 228;2 140,00  ;0;0;20+
GT Radial 195/60R15 88V CHAMPIRO 228;2 430,00  ;0;0;20+
GT Radial 205/60R15 91V CHAMPIRO 228;2 620,00  ;0;0;20+
GT Radial 215/60R15 94H CHAMPIRO 228;2 960,00  ;0;0;20+
GT Radial 185/55R15 82V CHAMPIRO 228;2 510,00  ;0;0;20+
GT Radial 195/55R15 85V CHAMPIRO 228;2 700,00  ;0;0;20+
GT Radial 215/60R16 95V CHAMPIRO 228;3 160,00  ;0;0;0
GT Radial 195/55R16 91H CHAMPIRO 228;2 870,00  ;0;4;20+
GT Radial 215/55R16 93V CHAMPIRO 228;3 300,00  ;0;0;0
GT Radial 225/55R16 95V CHAMPIRO 228;3 570,00  ;0;0;20+
GT Radial 215/65R17 99H CHAMPIRO 228;4 170,00  ;0;0;20+
GT Radial 215/55R17 94V CHAMPIRO 228;3 540,00  ;0;4;10
GT Radial 235/55R17 99H CHAMPIRO 228;3 980,00  ;0;0;2
GT Radial 225/50R17 94V CHAMPIRO 228;3 200,00  ;0;0;2
GT Radial 225/60R18 100V CHAMPIRO 228;3 960,00  ;0;0;20+
CHAMPIRO 328;;;;
GT Radial 205/55R16 94W CHAMPIRO 328;2 620,00  ;0;0;6
GT Radial 225/55R16 99W CHAMPIRO 328;3 420,00  ;0;0;2
GT Radial 205/50R16 87W CHAMPIRO 328;3 200,00  ;0;0;1
GT Radial 215/45R17 91W CHAMPIRO 328;3 590,00  ;0;0;20+
GT Radial 255/45R18 103W CHAMPIRO 328;5 500,00  ;0;0;0
GT Radial 225/40R18 92W CHAMPIRO 328;3 980,00  ;0;0;0
GT Radial 245/40R18 97W CHAMPIRO 328;4 730,00  ;0;0;0
C-шки и 4Х4;;;;
GT Radial 6.50/100R16 108/107N SUPER TRAVELLER 668;4 320,00  ;0;0;2
SAVERO;;;;
GT Radial 31x10.5R15 109R SAVERO HT PLUS;4 480,00  ;0;0;3
GT Radial 215/80R15 102S SAVERO G1;3 300,00  ;0;0;8
GT Radial 215/75R15 100S SAVERO;3 020,00  ;0;0;1
GT Radial 205/80R16 104T SAVERO G1;3 760,00  ;0;0;20
GT Radial LT225/75R16 115/112R SAVERO HT PLUS;4 080,00  ;0;0;20+
GT Radial P235/75R16 106T SAVERO HT PLUS;3 980,00  ;0;0;1
GT Radial LT245/75R16 120/116R SAVERO HT PLUS;4 850,00  ;0;0;20+
GT Radial 265/75R16 119/116R SAVERO HT PLUS;5 050,00  ;0;0;20+
GT Radial 215/70R16 100H SAVERO HT PLUS;3 380,00  ;0;0;5
GT Radial 225/70R16 103T SAVERO HT PLUS;3 760,00  ;0;0;20+
GT Radial 235/70R16 106T SAVERO HT PLUS;3 770,00  ;0;0;20+
GT Radial 235/70R16 106H SAVERO HP;3 590,00  ;0;0;20+
GT Radial 245/70R16 107T SAVERO HT PLUS;3 900,00  ;0;0;1
GT Radial 245/70R16 107H SAVERO HP;3 690,00  ;0;0;6
GT Radial 255/70R16 111T SAVERO HT PLUS;4 080,00  ;0;0;20+
GT Radial 265/70R16 112T SAVERO HT PLUS;4 250,00  ;0;0;20+
GT Radial 265/70R16 112H SAVERO HP;4 080,00  ;0;0;20+
GT Radial 235/60R16 104H SAVERO HP;3 460,00  ;0;0;6
GT Radial 225/70R17 108T SAVERO HT PLUS;4 870,00  ;0;0;20+
GT Radial P245/70R17 108T SAVERO HT PLUS;4 660,00  ;0;0;20+
GT Radial P265/70R17 113T SAVERO HT PLUS;5 050,00  ;0;0;20+
GT Radial P235/65R17 104T SAVERO HT PLUS;3 690,00  ;0;0;20+
GT Radial P245/65R17 105T SAVERO HT PLUS;3 880,00  ;0;0;20+
GT Radial 265/65R17 112T SAVERO HT PLUS;4 450,00  ;0;0;20+
GT Radial P275/60R17 110T SAVERO HT PLUS;4 370,00  ;0;0;20+
GT Radial 235/65R18 104T SAVERO HT PLUS;4 350,00  ;0;0;20+
Adventuro;;;;
GT Radial 30x9.5R15 104S ADVENTURO A/T;4 170,00  ;0;0;20+
GT Radial 31x10.5R15 109S ADVENTURO A/T;4 490,00  ;0;0;1
GT Radial 33x12.5R15 108Q ADVENTURO M/T;5 800,00  ;0;0;20+
GT Radial LT235/75R15 104/101S ADVENTURO M/T;3 900,00  ;0;0;20+
GT Radial P235/75R15 105S ADVENTURO A/T;3 670,00  ;0;0;1
GT Radial LT235/85R16 120/116S ADVENTURO A/T;5 240,00  ;0;0;20
GT Radial LT235/85R16 120/116Q ADVENTURO M/T;5 140,00  ;0;0;20+
GT Radial LT245/75R16 120/116Q ADVENTURO M/T;5 050,00  ;0;0;20+
GT Radial 265/75R16 112/109S ADVENTURO A/T;4 950,00  ;0;0;3
GT Radial P275/70R16 114T ADVENTURO A/T;4 930,00  ;0;0;20+
GT Radial LT245/70R17 119/116S ADVENTURO A/T;4 950,00  ;0;0;20+
GT Radial LT265/70R17 121/118S ADVENTURO A/T;5 340,00  ;0;0;20+
MAXMILER EX;;;;
GT Radial 185R14C 102/100R MAXMILER EX;2 330,00  ;0;0;5
GT Radial 195R14C 106/104R MAXMILER EX;2 840,00  ;0;0;20+
GT Radial 165/70R14C 89/87R MAXMILER EX;1 770,00  ;0;0;20+
GT Radial 185/75R14C 102/100Q MAXMILER EX;2 590,00  ;0;0;4
GT Radial 205/70R15C 106/104R MAXMILER EX;3 090,00  ;0;0;2
GT Radial 205/65R15C 102/100T MAXMILER EX;2 890,00  ;0;0;20+
GT Radial 175/75R16C 101/99R MAXMILER EX;2 510,00  ;0;0;20+
GT Radial 195/75R16C 107/105R MAXMILER EX;3 010,00  ;0;0;20+
GT Radial 215/75R16C 116/114R MAXMILER EX;3 480,00  ;0;0;2
GT Radial 205/65R16C 107/105T MAXMILER EX;3 250,00  ;0;0;20+
GT Radial 215/65R16C 106/104T MAXMILER EX;3 420,00  ;0;0;2
GT Radial 225/65R16C 112/110T MAXMILER EX;3 570,00  ;0;0;20+
GT Radial 235/65R16C 115/113R MAXMILER EX;3 860,00  ;0;0;20+
MAXMILER CX;;;;
GT Radial 185R14C 102/100R MAXMILER CX;2 360,00  ;0;0;20+
GT Radial 195R14C 106/104R MAXMILER CX;2 930,00  ;0;0;20+
GT Radial 165/70R14C 89/87R MAXMILER CX;1 800,00  ;0;0;2
GT Radial 195/70R15C 104/102R MAXMILER CX;2 600,00  ;0;0;2
GT Radial 225/70R15C 112/110R MAXMILER CX;3 510,00  ;0;0;2
GT Radial 205/65R15C 102/100T MAXMILER CX;2 960,00  ;0;0;2
GT Radial 175/75R16C 101/99R MAXMILER CX;2 640,00  ;0;0;20+
GT Radial 185/75R16C 104/102T MAXMILER CX;3 030,00  ;0;0;2
GT Radial 195/75R16C 107/105R MAXMILER CX;3 090,00  ;0;0;2
GT Radial 225/75R16C 118/116R MAXMILER CX;3 860,00  ;0;0;1
GT Radial 205/65R16C 107/105T MAXMILER CX;3 320,00  ;0;0;2
GT Radial 215/65R16C 109/107T MAXMILER CX;3 490,00  ;0;0;3
GT Radial 225/65R16C 112/110T MAXMILER CX;3 650,00  ;0;0;20+
MAXMILER X;;;;
GT Radial 165/80R13C 94/93N MAXMILER-X;1 840,00  ;0;0;10
GT Radial 205/80R14C 109/107N MAXMILER-X;3 190,00  ;0;0;0
Зимние;;;;
MAXMILER WT;;;;
GT Radial 205/65R15C 102/100T MAXMILER WT;3 190,00  ;0;0;7
GT Radial 195/65R16C 104/102T MAXMILER WT;3 300,00  ;0;0;0
GT Radial 215/65R16C 109/107T MAXMILER WT;3 900,00  ;0;0;1
GT Radial 225/65R16C 112/110R MAXMILER WT;4 200,00  ;0;0;1
GT Radial 235/65R16C 115/113R MAXMILER WT;4 640,00  ;0;0;1
GT Radial LT265/75R16C 119/116Q MAXMILER WT-1000;5 720,00  ;0;0;20+
CHAMPIRO WT-AX;;;;
GT Radial 175/60R15 81H  CHAMPIRO WT-PLUS;2 350,00  ;0;0;4
GT Radial 205/65R15 94H  CHAMPIRO WT-AX;2 880,00  ;0;0;2
GT Radial 225/55R17 101H XL CHAMPIRO WT-AX;4 500,00  ;0;0;14
GT Radial 235/55R17 103V XL CHAMPIRO WT-AX;4 800,00  ;0;0;20+
GT Radial 205/50R17 93H XL CHAMPIRO WT-AX;3 800,00  ;0;0;20+
GT Radial 225/50R17 98V XL CHAMPIRO WT-AX;4 330,00  ;0;2;20+
GT Radial 235/45R17 97H XL CHAMPIRO WT-AX;4 900,00  ;0;0;20+
CHAMPIRO WINTERPRO;;;;
GT Radial 175/70R14 84T CHAMPIRO WINTERPRO;1 900,00  ;0;0;20+
GT Radial 185/70R14 88T CHAMPIRO WINTERPRO;2 080,00  ;0;0;20+
GT Radial 155/65R14 75T CHAMPIRO WINTERPRO;1 920,00  ;0;0;20+
GT Radial 165/65R14 79T CHAMPIRO WINTERPRO;1 960,00  ;0;0;12
GT Radial 185/65R14 86T CHAMPIRO WINTERPRO;2 140,00  ;0;0;20+
GT Radial 195/65R15 91T CHAMPIRO WINTERPRO;2 400,00  ;0;3;20+
GT Radial 205/65R15 94T CHAMPIRO WINTERPRO;2 820,00  ;0;0;20+
GT Radial 185/60R15 84T CHAMPIRO WINTERPRO;2 380,00  ;0;0;1
GT Radial 175/55R15 77T CHAMPIRO WINTERPRO;2 780,00  ;0;0;4
GT Radial 185/55R15 82T CHAMPIRO WINTERPRO;2 680,00  ;0;0;0
GT Radial 215/65R16 98H CHAMPIRO WINTERPRO;3 500,00  ;0;0;0
GT Radial 215/60R16 99H XL CHAMPIRO WINTERPRO;3 550,00  ;0;0;5
GT Radial 215/55R16 93H CHAMPIRO WINTERPRO;3 700,00  ;0;0;0
GT Radial 225/55R16 95H CHAMPIRO WINTERPRO;3 880,00  ;0;0;20+
CHAMPIRO ICEPRO;;;;
GT Radial 175/70R13 82T CHAMPIRO ICEPRO шип.;1 830,00  ;0;0;20+
GT Radial 185/70R14 88T CHAMPIRO ICEPRO шип.;2 080,00  ;0;0;20+
GT Radial 185/65R14 90T XL CHAMPIRO ICEPRO шип.;2 170,00  ;0;0;20+
GT Radial 195/65R15 95T XL CHAMPIRO ICEPRO шип.;2 430,00  ;0;0;20+
GT Radial 205/65R15 94T CHAMPIRO ICEPRO шип.;2 880,00  ;0;0;20+
GT Radial 195/60R15 88T CHAMPIRO ICEPRO шип.;2 590,00  ;0;0;20+
GT Radial 215/70R16 100T CHAMPIRO ICEPRO SUV шип.;4 010,00  ;0;0;1
GT Radial 225/70R16 103T CHAMPIRO ICEPRO шип.;4 180,00  ;0;0;20+
GT Radial 215/60R16 95T CHAMPIRO ICEPRO шип.;3 750,00  ;0;0;20+
GT Radial 225/65R17 102T CHAMPIRO ICEPRO SUV шип.;4 880,00  ;0;0;20+
GT Radial 215/60R17 96T CHAMPIRO ICEPRO шип.;4 200,00  ;0;0;20+
GT Radial 215/55R17 98T XL CHAMPIRO ICEPRO шип.;5 000,00  ;0;0;0
GT Radial 225/50R17 94T  CHAMPIRO ICEPRO шип.;4 470,00  ;0;0;0
GT Radial 225/45R17 94T XL CHAMPIRO ICEPRO шип.;4 940,00  ;0;0;20+
GT Radial 235/60R18 107T XL CHAMPIRO ICEPRO SUV шип.;5 500,00  ;0;0;20+
GT Radial 255/55R18 109T XL CHAMPIRO ICEPRO SUV шип.;5 700,00  ;0;0;20+
SAVERO WT;;;;
GT Radial 235/75R15 105T SAVERO WT;3 790,00  ;0;0;11
GT Radial 225/70R16 103T SAVERO WT;4 120,00  ;0;4;10
GT Radial 245/70R16 107T SAVERO WT;4 330,00  ;0;0;20+
GT Radial 265/70R16 112T SAVERO WT;5 050,00  ;0;0;20+
GT Radial 265/70R17 115T SAVERO WT;6 600,00  ;0;0;20+
GT Radial 245/65R17 107T SAVERO WT;5 650,00  ;0;0;20+
Marshal;;;;
Летние;;;;
MH11;;;;
Marshal 155/65R14 75T MH11 Matrac;1 760,00  ;0;0;20+
Marshal 175/65R14 82H MH11 Matrac ;1 750,00  ;0;0;20+
Marshal 185/65R14 86H MH11 Matrac ;1 940,00  ;0;0;6
Marshal 185/60R14 82H MH11 Matrac ;1 900,00  ;0;0;20+
Marshal 185/65R15 92T MH11 Matrac ;2 040,00  ;0;0;20+
Marshal 195/65R15 91H MH11 Matrac ;2 190,00  ;0;0;20+
Marshal 205/65R15 94H MH11 Matrac;2 300,00  ;0;0;20+
Marshal 215/65R15 96H MH11 Matrac;3 700,00  ;0;0;2
Marshal 185/60R15 88H MH11 Matrac;2 140,00  ;0;0;20+
Marshal 195/60R15 88T MH11 Matrac;2 240,00  ;0;0;20+
Marshal 205/60R15 91H MH11 Matrac;2 490,00  ;0;0;4
Marshal 215/65R16 98H MH11 Matrac ;3 320,00  ;0;0;2
Marshal 215/60R16 95H MH11 Matrac;3 060,00  ;0;0;20+
Marshal 225/60R16 102H MH11 Matrac ;3 610,00  ;0;0;20+
MU11;;;;
Marshal 185/65R14 86H MU11 Matrac FX;1 970,00  ;0;0;20+
Marshal 195/65R15 91H MU11 Matrac FX;2 210,00  ;0;0;20+
Marshal 205/65R15 94H MU11 Matrac FX;2 350,00  ;0;0;20+
Marshal 195/60R15 88H MU11 Matrac FX;2 430,00  ;0;0;20+
Marshal 185/55R15 82V MU11 Matrac FX;2 640,00  ;0;0;20+
Marshal 205/55R15 88V MU11 Matrac FX;2 910,00  ;4;0;20+
Marshal 205/50R15 86V MU11 Matrac FX;3 140,00  ;4;0;1
Marshal 225/60R16 98H MU11 Matrac FX;3 690,00  ;0;0;20+
Marshal 235/60R16 100H MU11 Matrac FX;3 590,00  ;0;0;3
Marshal 205/55R16 91W MU11 Matrac FX;3 050,00  ;0;0;20+
Marshal 215/55R16 93W MU11 Matrac FX;3 520,00  ;0;0;10
Marshal 215/55R17 94W MU11 Matrac FX;4 030,00  ;0;0;3
Marshal 205/50R17 93W MU11 Matrac FX;3 680,00  ;2;0;20+
Marshal 225/50R17 98W MU11 Matrac FX;4 250,00  ;0;0;2
Marshal 235/45R17 94W MU11 Matrac FX;4 220,00  ;0;0;3
Marshal 245/45R17 95W MU11 Matrac FX;4 560,00  ;0;0;20+
Marshal 205/40R17 80W MU11 Matrac FX;3 590,00  ;0;0;20+
Marshal 215/40R17 83W MU11 Matrac FX;4 150,00  ;0;0;20+
Marshal 215/40R17 87W MU11 Matrac FX;4 270,00  ;0;0;20+
Marshal 235/40R17 90W MU11 Matrac FX;4 660,00  ;0;0;12
Marshal 245/40R17 91W MU11 Matrac FX;4 950,00  ;0;0;20+
Marshal 245/40R17 91W MU11 Matrac FX распр.;1 400,00  ;0;0;0
Marshal 245/45R18 100W MU11 Matrac FX;5 340,00  ;0;0;2
Marshal 245/40R18 97W MU11 Matrac FX;5 140,00  ;0;0;0
Marshal 275/35R18 99Y MU11 Matrac FX;7 280,00  ;0;0;20+
Marshal 245/35R19 93Y MU11 Matrac FX;5 630,00  ;0;0;3
Marshal 255/35R20 97Y MU11 Matrac FX;7 440,00  ;0;0;19
KR21;;;;
Marshal 165/70R13 78T KR21;1 450,00  ;0;0;20+
Marshal 175/70R14 84T KR21;1 730,00  ;0;0;20+
Marshal 185/70R14 87T KR21;1 900,00  ;0;0;20+
Marshal 175/65R14 81T KR21;1 690,00  ;0;0;20+
Marshal 185/65R14 85T KR21;1 840,00  ;0;0;20+
Marshal 195/60R14 85T KR21;1 880,00  ;0;0;20+
Marshal 235/75R15 105T KR21;3 690,00  ;0;0;20+
Marshal 225/70R15 100T KR21;3 300,00  ;0;0;1
Marshal 185/65R15 86T KR21;1 960,00  ;0;0;20+
Marshal 195/65R15 89T KR21;2 040,00  ;0;0;20+
Marshal 205/65R15 92T KR21;2 140,00  ;0;0;20+
Marshal 185/60R15 84T KR21;1 960,00  ;0;0;20+
Marshal 195/60R15 87T KR21;2 190,00  ;0;0;20+
Marshal 205/60R15 90T KR21;2 320,00  ;0;0;20+
Marshal 225/70R16 101T KR21;3 760,00  ;0;0;20+
Marshal 235/70R16 104T KR21;3 770,00  ;0;0;2
Marshal 215/65R16 96T KR21;3 190,00  ;0;0;20+
Marshal 205/60R16 91T KR21;2 620,00  ;0;0;20+
Marshal 215/60R16 94T KR21;2 950,00  ;0;0;20+
Marshal 225/60R16 97T KR21;3 060,00  ;0;0;20+
Marshal 235/60R16 99T KR21;3 200,00  ;0;0;20+
Marshal 205/55R16 89T KR21;2 530,00  ;0;0;20+
Marshal 235/65R17 103T KR21;3 790,00  ;0;0;4
Marshal 225/60R17 98T KR21;4 080,00  ;0;0;20+
KR11;;;;
Marshal 155/80R13 75T KR11;1 460,00  ;0;0;1
Marshal 155/70R13 75T KR11;1 420,00  ;0;0;20+
Marshal 175/70R13 82T KR11;1 600,00  ;0;0;20+
Marshal 185/70R13 86T KR11;1 780,00  ;0;0;3
Marshal 165/65R13 77T KR11;1 650,00  ;0;0;6
Marshal 165/70R14 81T KR11;1 780,00  ;0;0;20+
Marshal 175/70R14 84T KR11;1 730,00  ;0;0;20+
Marshal 185/70R14 88T KR11;1 900,00  ;0;0;20+
Marshal 165/65R14 79T KR11;1 770,00  ;0;0;13
Marshal 175/65R14 82T KR11;1 690,00  ;0;0;20+
Marshal 185/65R14 86T KR11;1 840,00  ;0;0;20+
Marshal 185/65R15 88T KR11;1 960,00  ;0;0;20+
Marshal 195/65R15 91T KR11;2 040,00  ;0;0;20+
KH35 Matrac XM;;;;
Marshal 185/55R14 80H KH35;2 350,00  ;0;0;1
Marshal 195/65R15 91H KH35;2 190,00  ;0;0;20+
Marshal 195/60R15 88H KH35;2 330,00  ;0;0;20+
Marshal 195/55R15 85H KH35;2 660,00  ;0;0;2
Marshal 215/65R16 98H KH35;3 320,00  ;0;0;1
Marshal 205/60R16 92H KH35;2 820,00  ;0;0;20+
Marshal 215/60R16 95V KH35;3 200,00  ;0;0;20+
Marshal 225/60R16 98V KH35;3 670,00  ;0;0;20+
Marshal 195/55R16 87H KH35;2 880,00  ;0;0;20+
Marshal 205/55R16 91V KH35;2 800,00  ;0;0;20+
Marshal 215/55R16 97W XL KH35 распр.;2 000,00  ;0;0;1
Marshal 225/55R16 99W XL KH35;3 710,00  ;0;0;20+
Marshal 195/50R16 84V KH35;3 110,00  ;0;0;20+
Marshal 205/50R16  87W KH35;3 380,00  ;0;0;3
Marshal 225/50R16 96W XL KH35 распр.;1 000,00  ;0;0;1
Marshal 225/60R17 99W KH35;4 660,00  ;0;0;8
Marshal 225/55R17 97W KH35;4 270,00  ;0;0;7
Marshal 235/55R17 99W KH35;4 370,00  ;0;0;20+
Marshal 205/50R17 93W XL KH35;3 570,00  ;0;0;20+
Marshal 235/50R17 96W XL KH35;4 560,00  ;0;0;7
Marshal 215/45R17 91W XL KH35;3 810,00  ;0;0;20+
Marshal 225/45R17 94W XL KH35;3 850,00  ;0;0;1
Marshal 235/45R17 97W XL KH35;4 060,00  ;0;0;20+
Marshal 225/45R18  91W KH35;5 140,00  ;0;0;20+
Marshal 255/35R18 XL 94W KH35 ;5 920,00  ;0;0;20+
KU17 Matrac TX;;;;
Marshal 205/50R15 86V KU17;2 800,00  ;4;0;0
Marshal 255/45R17 98W KU17 распр.;3 000,00  ;0;0;9
Marshal 215/40R17 83W KU17;4 280,00  ;0;0;17
Marshal 235/40R17 90W KU17 распр;2 000,00  ;0;0;1
Marshal 225/45R18 91W KU17;5 600,00  ;0;0;4
Marshal 245/45R18 96W KU17;5 200,00  ;0;0;1
Marshal 235/40R18 91W KU17;5 080,00  ;0;0;0
Marshal 245/40R18 93W KU17 распр.;2 500,00  ;0;0;1
C-шки и 4Х4;;;;
KL71;;;;
Marshal 30X9.5R15 104Q KL71;3 980,00  ;0;0;3
Marshal 32X11.5R15 113Q KL71;5 530,00  ;0;0;20+
Marshal 33X12.5R15 108Q KL71;6 020,00  ;0;0;20+
Marshal 35X12.5R15 113Q KL71;6 990,00  ;0;0;20+
Marshal 33X12.5R18 118Q KL71;7 470,00  ;0;0;20+
Marshal 35x12.5R18 118Q KL71;13 100,00  ;0;0;20+
Marshal 235/75R15 104/101Q KL71;4 080,00  ;0;0;0
Marshal 245/75R16 120/116Q KL71;5 240,00  ;0;0;1
Marshal 265/75R16 119/116Q KL71;6 200,00  ;0;0;1
Marshal 265/70R17 121/118Q KL71;6 090,00  ;0;0;20+
KL78;;;;
Marshal 31X10.5R15 109S KL78;4 560,00  ;0;0;20+
Marshal 215/75 R15 100/97S KL78;3 590,00  ;0;0;20+
Marshal 265/75R16 119/116S KL78;5 240,00  ;0;0;2
Marshal 265/70R17 121/118S KL78;5 920,00  ;0;0;20+
Marshal 235/65R17 108V KL78;4 270,00  ;0;0;20+
Marshal 265/65R17 112H KL78;4 850,00  ;0;20+;20+
Marshal 275/55R20 117S KL78;8 540,00  ;0;0;20+
KL51;;;;
Marshal 205/70R15 96T KL51;3 110,00  ;0;0;20+
Marshal P225/70R15 100T KL51;3 590,00  ;0;0;20+
Marshal P215/75R16 101T KL51;3 860,00  ;0;0;20+
Marshal P235/75R16 106T KL51;3 980,00  ;0;0;1
Marshal 265/75R16 114T KL51;4 470,00  ;0;0;20+
Marshal P225/70R16 102T KL51;3 960,00  ;0;0;20+
Marshal 235/70R16 106T KL51;3 880,00  ;0;0;0
Marshal P265/70R16 112T KL51;4 370,00  ;0;0;3
Marshal 235/60R16 104H KL51;3 860,00  ;0;0;20+
Marshal P265/70R17 113H KL51;5 530,00  ;0;0;20+
Marshal 225/65R17 102H KL51;4 060,00  ;0;0;20+
Marshal P265/65R17 112H KL51;4 760,00  ;0;0;1
Marshal P275/65R17 113H KL51;4 980,00  ;0;0;5
Marshal 235/60R17 102V KL51;5 140,00  ;0;0;20+
Marshal 225/55R17 97H KL51;4 370,00  ;0;0;20+
Marshal 275/70R18 125/122S KL51;6 700,00  ;0;0;20
Marshal 255/60R18 112V KL51;5 790,00  ;0;0;9
Marshal 235/55R18 100V KL51;5 530,00  ;0;0;17
KL61;;;;
Marshal 31X10.5R15 109S KL61;4 660,00  ;0;0;2
Marshal P225/75R15 102S KL61;4 000,00  ;0;0;20+
Marshal 235/75R15 104/101S KL61;3 900,00  ;0;0;1
Marshal 225/75R16 115/112Q KL61;4 470,00  ;0;0;20+
Marshal 245/75R16 120/116Q KL61;5 050,00  ;0;0;3
Marshal P245/75R16 109S KL61;4 370,00  ;0;0;3
Marshal 265/75R16 112/109Q KL61;5 140,00  ;0;0;20+
Marshal 285/75R16 122/119Q KL61;6 310,00  ;0;0;6
Marshal P235/70R16 104S KL61;3 980,00  ;0;0;20+
Marshal P265/70R16 111S KL61;4 270,00  ;0;0;20+
Marshal P265/70R17 113S KL61;5 530,00  ;0;0;20+
Marshal P235/65R17 103S KL61;4 060,00  ;0;0;2
KL16,KL17;;;;
Marshal 235/70R16 106H KL17;4 170,00  ;0;0;20+
Marshal 245/70R16 107H KL17;4 140,00  ;0;0;20+
Marshal 265/70R16 112V KL17;4 560,00  ;0;0;20+
Marshal 235/60R16 100H KL17;4 080,00  ;0;0;1
Marshal 225/55R17 97W KL17;4 730,00  ;0;0;2
Marshal 255/60R18 108V KL17;5 920,00  ;0;0;4
Marshal 255/55R18 109W KL17;5 630,00  ;0;0;2
Marshal 235/50R18 97V KL17;5 630,00  ;0;0;7
Marshal 255/55R19 111V KL17;6 870,00  ;0;0;20+
Marshal 255/50R19 103W KL17;6 110,00  ;0;0;1
Marshal 275/45R19 108Y KL17;6 500,00  ;0;0;20+
Marshal 285/45R19 107W KL17;7 280,00  ;0;0;16
Marshal 315/35R20 106W KL17;9 020,00  ;0;0;1
KL12;;;;
Marshal 265/70 R15 112H KL12;4 470,00  ;0;0;20+
Marshal 235/70 R16 105H KL12;4 080,00  ;0;0;20+
Marshal 275/70 R16 114H KL12;4 930,00  ;0;0;20+
Marshal 255/65 R16 109V KL12;4 560,00  ;0;0;17
Marshal 255/60 R17 106V KL12;5 240,00  ;0;0;20+
Marshal 265/60 R17 108V KL12 распр.;3 000,00  ;0;0;1
Marshal 275/60 R17 110V KL12;4 980,00  ;0;0;1
Marshal 225/55 R17 97V KL12;5 020,00  ;0;0;1
Marshal 275/55R17 109V KL12;5 340,00  ;0;0;2
Marshal 265/60 R18 110V KL12;6 500,00  ;0;0;20+
Marshal 255/55 R18 109V KL12;5 530,00  ;0;0;20+
Marshal 255/50 R19 103W KL12;6 060,00  ;0;0;20+
Marshal 275/55R20 117V KL12;8 250,00  ;0;0;1
Marshal 265/50R20 111V KL12;7 370,00  ;0;0;2
Marshal 265/45R20 108W KL12;7 710,00  ;0;0;20+
Marshal 275/45R20 106W KL12;6 870,00  ;0;0;1
857856;;;;
Marshal 185/75 R16C 104/102R 856;3 280,00  ;6;0;20+
Marshal 185 R14C 102/100Q 857;2 410,00  ;0;0;20+
Marshal 195 R14C 106/104R 857;3 110,00  ;0;0;20+
Marshal 205 R14C 109/107Q 857;3 350,00  ;0;0;20+
Marshal 215 R14C 112/110Q 857;3 480,00  ;0;0;20+
Marshal 185/75 R14C 102/100R 857 распр.;1 500,00  ;0;0;1
Marshal 165/70R14C 89/87R 857;2 120,00  ;0;0;20+
Marshal 165/70 R14C 89/87R 857 распр. ;1 000,00  ;0;0;0
Marshal 195/70 R15C 104/102R 857;2 720,00  ;0;0;20+
Marshal 205/70R15C 106/104S 857;3 270,00  ;4;0;6
Marshal 215/70R15C 109/107R 857;3 800,00  ;0;0;20+
Marshal 225/70 R15C 112/110R 857;3 500,00  ;0;0;20+
Marshal 205/65R15C 102/100R 857;2 890,00  ;0;5;20+
Marshal 195/75 R16C 107/105R 857;3 320,00  ;0;0;20+
Marshal 205/75 R16C 110/108R 857;3 780,00  ;0;0;20+
Marshal 215/75 R16C 113/111R 857;4 170,00  ;0;0;20+
Marshal 225/75 R16C 118/116R 857;4 270,00  ;0;0;20+
Marshal 195/65 R16C 104/102R 857 ;3 090,00  ;0;0;20+
Marshal 205/65 R16C 107/105T 857;3 380,00  ;0;0;1
Marshal 225/65R16C 112/110S 857;3 860,00  ;0;0;20+
Marshal 235/65R16C 115/113R 857;4 190,00  ;0;0;20+
Зимние;;;;
KW11;;;;
Marshal 155/80R13 79Q KW11 распр.;1 150,00  ;0;0;0
Marshal 175/70R13 82T KW11 шип.;1 800,00  ;0;0;1
Marshal P185/60R14 82T KW11 шип. распр.;1 000,00  ;0;0;0
Marshal P215/75R15 100Q KW11 шип. распр.;1 820,00  ;0;0;1
Marshal P235/75R15 105Q KW11 шип.;4 080,00  ;0;0;18
KW15, MW15;;;;
Marshal 175/70R13 82T MW15;1 830,00  ;0;0;20+
Marshal 165/70R14 81Q KW15;2 200,00  ;0;0;20+
Marshal 165/65R14 79T KW15;2 200,00  ;0;0;20+
Marshal 175/65R14 82T KW15;2 160,00  ;0;0;0
Marshal 185/65R14 86T MW15;2 140,00  ;0;0;9
Marshal 205/70R15 96T KW15;3 310,00  ;0;0;1
Marshal 195/55R15 85H KW15;3 050,00  ;0;0;2
Marshal 205/55R16 91H MW15;3 400,00  ;0;0;0
Marshal 215/55R16 93H KW15;3 900,00  ;0;0;0
Marshal 225/55R16 95H KW15;4 200,00  ;0;0;20+
Marshal 205/50R17 93V KW15;3 990,00  ;0;0;20+
Marshal 225/45R17 91V KW15;5 200,00  ;0;0;20+
KW19;;;;
Marshal 215/70R15 98T KW19;3 360,00  ;0;0;20+
Marshal 215/70R15 98T KW19 шип.;3 570,00  ;0;0;20+
Marshal 185/65R15 88T KW19 ;2 100,00  ;0;0;3
Marshal 185/65R15 88T KW19 шип.;2 280,00  ;0;0;0
Marshal 195/60R15 88T KW19 шип.;2 630,00  ;0;0;0
Marshal 225/60R16 98T KW19 шип.;4 010,00  ;0;0;1
Marshal 225/55R16 99T KW19 шип.;4 410,00  ;0;0;1
Marshal 225/45R17 91T KW19 шип.;5 440,00  ;0;0;1
KW21, KW31;;;;
Marshal 175/70R14 84Q KW21;1 830,00  ;0;0;1
Marshal 205/70R15 96Q KW21;3 310,00  ;0;0;20+
Marshal 215/65R16 98Q KW21;3 840,00  ;0;0;1
KW22;;;;
Marshal 185/70R14 88T KW22;1 970,00  ;0;0;4
Marshal 185/70R14 88T KW22 шип.;2 150,00  ;0;0;18
Marshal 175/65R14 82T KW22;1 920,00  ;0;0;2
Marshal 215/70R15 98T KW22 шип.;3 630,00  ;0;0;1
Marshal 195/65R15 91T KW22;2 350,00  ;0;0;1
Marshal 195/65R15 91T KW22 шип.;2 530,00  ;0;0;1
Marshal 205/65R15 94T KW22;2 770,00  ;0;0;1
Marshal 205/65R15 94T KW22 шип.;2 950,00  ;0;0;16
Marshal 215/65R15 96T KW22 шип.;3 280,00  ;0;0;1
Marshal 195/60R15 88T KW22 шип.;2 760,00  ;0;0;1
Marshal 185/55R15 82T KW22;2 800,00  ;0;0;20+
Marshal 185/55R15 82T KW22 шип.;2 980,00  ;0;0;0
Marshal 195/55R15 89T KW22 шип.;3 230,00  ;0;0;20+
Marshal 215/60R16 99T KW22;3 810,00  ;0;0;12
Marshal 215/60R16 99T KW22 шип.;4 020,00  ;0;0;20+
Marshal 235/60R16 104T KW22;4 520,00  ;0;0;2
Marshal 215/55R16 97T KW22 шип.;4 110,00  ;0;0;1
Marshal 225/55R16 99T KW22;4 200,00  ;0;0;20+
Marshal 225/55R16 99T KW22 шип.;4 410,00  ;0;0;20+
Marshal 235/65R17 108T KW22;4 820,00  ;0;0;1
Marshal 215/55R17 98T KW22 шип.;5 440,00  ;0;0;1
Marshal 225/55R17 101T KW22;5 150,00  ;0;0;20+
Marshal 225/55R17 101T KW22 шип.;5 390,00  ;0;0;20+
Marshal 225/50R17 98T KW22;4 480,00  ;0;0;20+
Marshal 225/50R17 98T KW22 шип.;4 720,00  ;0;0;0
Marshal 215/45R17 91T KW22 шип.;5 040,00  ;0;0;3
Marshal 225/40R18 92T KW22 шип.;5 600,00  ;0;0;5
KC15;;;;
Marshal 215/70R16 100T KC15;4 300,00  ;0;0;3
Marshal 235/60R17 102H KC15;5 250,00  ;0;0;1
Marshal 235/55R17 99H KC15;5 320,00  ;0;0;0
Marshal 235/60R18 107H KC15;5 100,00  ;0;0;1
KC11;;;;
Marshal 31*10.5R15 109Q KC11 шип.;4 910,00  ;0;0;9
Marshal 175 R14C 99/98Q KC11 распр.;1 000,00  ;0;0;1
Marshal 195 R14C 106/104Q KC11 шип.;3 300,00  ;0;0;0
Marshal 165/70R14C 89/87Q KC11;2 400,00  ;0;0;20+
Marshal 165/70R14C 89/87Q KC11 шип. ;2 580,00  ;0;0;3
Marshal 215/70R15С 109/107Q KC11 ;4 200,00  ;0;0;0
Marshal 225/70R15C 112/110Q KC11 шип.;4 610,00  ;0;0;5
Marshal 205/65R15С 102/100Q KC11;3 580,00  ;0;0;5
Marshal 205/65R15С 102/100Q KC11 шип.;3 790,00  ;0;0;8
Marshal 205/75R16C 110/108Q KC11 шип.;4 690,00  ;0;0;3
Marshal 245/75R16 120/116Q KC11 шип.;6 040,00  ;0;0;4
Marshal 265/75R16 123/120Q KC11;5 800,00  ;0;0;4
Marshal 265/75R16 123/120Q KC11 шип. ;6 040,00  ;0;0;4
Marshal 285/75R16 122/119Q KC11 шип.;6 520,00  ;0;0;0
Marshal 265/70R16 112Q KC11 шип.;5 640,00  ;0;0;4
Marshal 215/65R16C 109/107R KC11;4 300,00  ;0;0;1
Marshal 215/65R16C 109/107R KC11 шип.;4 540,00  ;0;0;6
Marshal 225/65R16C 112/110R KC11 шип.;4 860,00  ;0;0;8
Marshal 235/65R16C 115/113R KC11 ;5 150,00  ;0;0;4
Marshal 235/65R16C 115/113R KC11 шип.;5 390,00  ;0;0;20+
KC16;;;;
Marshal 215/70R16 100T KC16 шип.;4 540,00  ;0;0;4
Marshal 225/70R16 107Q KC16 шип.;4 620,00  ;0;0;1
Marshal 215/65R16 98Q KC16 шип.;4 240,00  ;0;0;2
Marshal 225/65R17 106T KC16 шип.;5 260,00  ;0;0;8
Marshal 255/65R17 110T KC16;5 300,00  ;0;0;1
Marshal 265/65R17 116T KC16 шип.;5 720,00  ;0;0;0
Marshal 275/65R17 115T KC16;5 400,00  ;0;0;20+
Marshal 275/65R17 115T KC16 шип.;5 640,00  ;0;0;20
Marshal 215/60R17 100T KC16;4 450,00  ;0;0;10
Marshal 215/60R17 100T KC16 шип.;4 690,00  ;0;0;4
Marshal 225/60R18 104T KC16;5 800,00  ;0;0;3
Marshal 225/60R18 104T KC16 шип.;6 100,00  ;0;0;0
Marshal 235/60R18 107T KC16 шип.;5 780,00  ;0;0;0
Marshal 225/55R18 102T KC16;5 700,00  ;0;0;1
Marshal 255/55R18 109T KC16;5 500,00  ;0;0;20+
Marshal 255/55R18 109T KC16 шип.;5 800,00  ;0;0;20+
Marshal 255/50R19 107T KC16;6 700,00  ;0;0;20+
Marshal 255/50R19 107T KC16 шип.;7 000,00  ;0;0;14
Nankang;;;;
Зимние;;;;
SW-7;;;;
Nankang 175/70R13 82T  SW-7 шип.;1 800,00  ;0;0;20
Nankang 175/70R14 88T XL SW-7 шип.;1 910,00  ;0;0;4
Nankang 185/70R14 88T  SW-7 шип.;2 090,00  ;0;0;8
Nankang 185/65R14 90T XL SW-7 шип.;2 160,00  ;0;0;20+
Nankang 185/60R14 82T  SW-7 шип.;2 160,00  ;0;0;2
Nankang 205/70R15 100T XL SW-7 шип.;3 270,00  ;0;0;20+
Nankang 195/65R15 95T XL SW-7;2 250,00  ;0;0;20+
Nankang 195/65R15 95T XL SW-7 шип.;2 430,00  ;0;0;20+
Nankang 205/65R15 99T XL SW-7 шип.;2 830,00  ;0;0;2
Nankang 215/65R15 100H XL SW-7 шип.;3 090,00  ;0;0;4
Nankang 215/70R16 100H SW-7 шип.;4 020,00  ;0;0;2
Nankang 215/65R16 102T XL SW-7 шип.;3 840,00  ;0;0;3
Nankang 195/55R16 91T XL SW-7 шип.;3 190,00  ;0;0;2
Nankang 205/55R16 94T XL SW-7 шип.;3 260,00  ;0;0;2
Nankang 215/55R16 97T XL SW-7 шип.;3 830,00  ;0;0;0
Nankang 225/55R16 95T  SW-7;3 800,00  ;0;0;20+
Nankang 225/55R16 95T  SW-7 шип.;4 010,00  ;0;0;18
Nankang 265/65R17 116T XL SW-7 шип.;5 240,00  ;0;0;4
SW-5;;;;
Nankang 215/70R16 100H SW-5 шип.;3 990,00  ;0;0;1
Nankang 225/55R16 95T  SW-5;3 720,00  ;0;0;20+
Nankang 225/55R16 95T  SW-5 шип.;3 930,00  ;0;0;8
S-600;;;;
Nankang 175/70R14 84T S600 шип.;1 910,00  ;0;0;3
SV-1;;;;
Nankang 185/55R15 86H SV-1;2 600,00  ;0;0;8
Nankang 215/60R16 99H SV-1;3 400,00  ;0;0;20+
Nankang 215/55R16 97H SV-1;3 420,00  ;0;0;18
Nankang 225/55R17 101T  SV-1;4 010,00  ;0;0;1
Nankang 205/50R17 93T  SV-1;3 530,00  ;0;0;3
Nankang 225/50R17 98T  SV-1;3 880,00  ;0;0;4
Nankang 235/45R17 97T SV-1;4 500,00  ;0;0;8
Nankang 245/45R17 99T SV-1;4 550,00  ;0;0;20+
Nankang 235/60R18 107T SV-1;5 080,00  ;0;0;14
Nankang 255/55R18 109T  SV-1;4 900,00  ;0;0;11
Nankang 245/45R18 100T SV-1;4 800,00  ;0;0;0
Nankang 255/50R19 107T  SV-1;6 010,00  ;0;0;20+
SL-6;;;;
Nankang 195R14C 106/104N SL-6;2 780,00  ;0;0;20+
Nankang 195/70R15C 104/102R SL-6;3 200,00  ;0;0;0
Nankang 225/70R15C 112/110R SL-6;3 980,00  ;0;4;0
Nankang 205/65R15C 102/100T SL-6;3 100,00  ;0;0;20
Nankang 195/65R16C 104/102R SL-6;3 200,00  ;0;0;6
Nankang 205/65R16C 107/105T SL-6;3 670,00  ;0;0;2
Nankang 215/65R16C 109/107R SL-6;3 780,00  ;0;0;0
Nankang 225/65R16C 112/110T SL-6;4 100,00  ;0;0;20
Nankang 235/65R16C 115/113R SL-6;4 480,00  ;0;0;20+
Летние;;;;
NS-20;;;;
Nankang 215/55R17 94V NS-20;3 780,00  ;0;0;9
Nankang 225/50R17 94V NS-20;4 000,00  ;0;0;11
NS-2;;;;
Nankang 205/55R15 88V NS-2;2 780,00  ;0;0;20+
Nankang 205/50R15 86V NS-2;2 750,00  ;2;0;20+
Nankang 215/55R16 93V NS-2;3 400,00  ;0;0;3
Nankang 225/55R16 95V NS-2;3 550,00  ;0;0;11
Nankang 235/45R17 94H NS-2;3 700,00  ;0;0;1
Nankang 225/45R18 91H NS-2;4 880,00  ;0;0;20
Nankang 235/40R18 95H NS-2;4 600,00  ;0;0;2
N-605;;;;
Nankang 235/60R17 102V N605;5 500,00  ;0;0;20+
AS-1;;;;
Nankang 215/60R17 96H AS-1;5 100,00  ;0;0;20+
SP-5;;;;
Nankang 215/65R16 98V SP-5;3 500,00  ;0;0;1
XR611;;;;
Nankang 175/65R14 82H XR611;1 680,00  ;2;0;20+
Nankang 185/65R14 86H XR611;1 850,00  ;1;0;20+
Nankang 185/60R14 82H XR611;1 800,00  ;0;0;10
Nankang 185/65R15 92H XR611;2 000,00  ;0;0;1
Nankang 195/65R15 91H XR611;2 100,00  ;4;0;11
Nankang 205/65R15 95H XR611;2 260,00  ;0;0;7
Nankang 205/60R16 96H XR611;2 680,00  ;0;0;3
Nankang 215/60R16 99H XR611;3 020,00  ;0;0;1
Nankang 225/60R16 98V XR611;3 600,00  ;0;0;9
Nankang 215/50R17 91V XR611;3 880,00  ;0;0;2
N990, N830;;;;
Nankang 265/65R17 112H N990;4 780,00  ;0;0;0
Nankang 225/60R17 99H N990;5 200,00  ;4;0;20+
Nankang 275/45R20 110H N990;7 500,00  ;0;0;20
Nankang 305/45R22 118V N990;9 280,00  ;0;0;10
Nankang 305/40R22 114V N990;9 400,00  ;0;0;12
Nankang 31X10.5R15 LT 109S N830;4 400,00  ;0;0;20+
Nankang LT235/75R15 104/101S N830;3 650,00  ;0;0;4
Nankang LT245/75R16 120/116Q N830;4 900,00  ;4;0;10
FT-7;;;;
Nankang 225/70R16 103S FT-7;3 600,00  ;0;0;0
FT-4;;;;
Nankang 205/70R15 96H FT-4;3 100,00  ;0;0;20+
Nankang 215/70R16 100H FT-4;3 500,00  ;4;0;0
Nankang 245/70R16 107H FT-4;3 600,00  ;0;0;4
Nankang 215/65R16 98H FT-4;3 550,00  ;0;0;4
CX668;;;;
Nankang 175/70R13 82H CX668;1 600,00  ;0;0;18
Nankang 175/70R14 88H CX668;1 700,00  ;5;0;20+
Nankang 185/70R14 88H CX668;1 850,00  ;4;0;2
CW-20, 25;;;;
Nankang 225/70R15C 112/110S CW-25;3 500,00  ;0;0;20+
Nankang 175/75R16C 101/99R CW-20;2 630,00  ;0;0;20+
Nankang 185/75R16C 104/102R CW-20;3 200,00  ;0;0;18
Nankang 215/65R16C 109/107T CW-20;3 320,00  ;0;0;0
Nexen;;;;
Зимние;;;;
WIN-SPIKE;;;;
Nexen 195/65R15 95T WIN-SPIKE шип.;2 380,00  ;0;0;1
Nexen 215/60R16 99T WIN-SPIKE шип.;3 690,00  ;0;0;1
WIN-ICE;;;;
Nexen 215/55R16 93Q WIN-ICE;3 700,00  ;0;0;1
Nexen 215/45R17 87Q WIN-ICE;4 390,00  ;0;0;3
WG-SPORT, WINGUARD, WIN-SUV;;;;
Nexen 205/70R15 96T WIN-SUV;3 200,00  ;0;0;20+
Nexen 265/70R16 112T WIN-SUV;5 170,00  ;0;0;1
Nexen 225/60R16 98T WINGUARD;3 800,00  ;0;0;20+
Nexen 225/55R16 99V WG-SPORT;4 160,00  ;0;0;20+
Nexen 205/50R17 93V WG-SPORT;3 710,00  ;0;0;20+
Nexen 225/45R17 94V WG-SPORT;4 970,00  ;0;0;20+
Nexen 215/40R17 87V WG-SPORT;4 680,00  ;0;0;16
EURO-WIN;;;;
Nexen 165/70R14C 86/87R EURO-WIN;2 190,00  ;0;0;1
Nexen 175/70R13 82T EURO-WIN;1 770,00  ;0;0;0
Nexen 175/70R14 84T EURO-WIN;1 850,00  ;0;0;1
Nexen 165/70R14 81T EURO-WIN;1 850,00  ;0;0;1
Nexen 165/65R14 79T EURO-WIN;2 100,00  ;0;0;7
Nexen 175/65R14 82T EURO-WIN;2 000,00  ;0;0;2
Nexen 185/65R14 86T EURO-WIN;2 190,00  ;0;0;6
Nexen 185/55R14 80T EURO-WIN;2 300,00  ;0;0;0
Nexen 195/65R15 95T EURO-WIN;2 290,00  ;0;0;3
Nexen 205/65R15 94T EURO-WIN;2 700,00  ;0;0;2
Nexen 195/55R15 85H EURO-WIN;2 840,00  ;0;0;20+
Nexen 205/55R16 91H EURO-WIN;3 280,00  ;0;0;1
Nexen 215/55R16 97H EURO-WIN;3 900,00  ;0;0;20+
Nexen 225/55R16 99H EURO-WIN;3 990,00  ;0;0;8
Летние;;;;
Nexen 225/45 ZR17 91W N3000 распр.;1 200,00  ;0;0;0
Nexen 215/70R16 100H CP671;3 570,00  ;0;0;20+
Nexen 245/70R17 110H RO542;4 890,00  ;0;0;14
Nexen P225/55R17 95V CP671;4 780,00  ;4;0;6
Nexen 225/55R17 97V CP643@;4 780,00  ;0;0;20+
Nexen 225/45R18 95V CP643@;5 340,00  ;0;0;10
Nokian;;;;
Зимние;;;;
HKPL 7;;;;
Nokian 215/65R16 102T XL HKPL 7 шип.;5 920,00  ;0;0;20+
Nokian 205/60R16 96T XL HKPL 7 шип.;6 380,00  ;0;0;20+
Nokian 215/60R16 99T XL HKPL 7 шип.;6 938,00  ;0;0;20+
Nokian 225/60R16 102T XL HKPL 7 шип.;7 319,00  ;0;0;20+
Nokian 195/55R16 91T XL HKPL 7 шип.;5 670,00  ;0;0;20+
Nokian 205/55R16 94T XL HKPL 7 шип.;5 815,00  ;0;0;20+
Nokian 215/55R17 98T XL HKPL 7 шип.;8 298,00  ;0;0;10
Nokian 225/55R17 101T XL HKPL 7 шип.;8 502,00  ;0;0;20+
Nokian 205/50R17 93T HKPL 7 шип.;7 037,00  ;0;0;20+
Nokian 215/50R17 95T XL HKPL 7 шип.;7 497,00  ;0;0;16
Nokian 225/45R17 94T XL HKPL 7 шип.;8 292,00  ;0;0;20+
Nokian 245/45R17 99T XL HKPL 7 шип.;9 468,00  ;0;0;4
Nokian 255/45R18 103T HKPL 7 шип.;11 045,00  ;0;0;4
Nokian 225/40R18 92T XL HKPL 7 шип.;9 402,00  ;0;0;4
Nokian 245/40R18 97T XL HKPL 7 шип.;9 888,00  ;0;0;20+
Nokian 255/40R19 100T XL HKPL 7 шип.;11 163,00  ;0;0;12
HKPL R;;;;
Nokian 205/70R15 100R XL HKPL R;5 782,00  ;0;0;20+
Nokian 195/55R15 89R XL HKPL R;4 811,00  ;0;0;20+
Nokian 215/65R16 102R XL HKPL R;7 184,00  ;0;0;18
Nokian 195/60R16 93R HKPL R;5 589,00  ;0;0;20+
Nokian 205/60R16 96R XL HKPL R;5 995,00  ;0;0;20+
Nokian 215/60R16 99R XL HKPL R;6 355,00  ;0;0;20+
Nokian 225/60R16 102R HKPL R;6 715,00  ;0;0;20+
Nokian 235/60R16 104R HKPL R;7 609,00  ;0;0;20+
Nokian 195/55R16 91R XL HKPL R;5 454,00  ;0;0;4
Nokian 235/55R17 103R XL HKPL R;8 374,00  ;0;0;4
Nokian 225/50R17 98R XL HKPL R;7 487,00  ;0;0;20+
Nokian 245/50R18 104R XL HKPL R;10 420,00  ;0;0;4
Nokian 245/45R19 102R XL HKPL R;10 741,00  ;0;0;4
HKPL SUV 7;;;;
Nokian 215/70R16 100T HKPL SUV7 шип.;8 194,00  ;0;0;20+
Nokian 225/70R16 107T XL HKPL SUV7 шип.;8 497,00  ;0;0;20+
Nokian 235/70R16 106T HKPL SUV7 шип.;8 882,00  ;0;0;20+
Nokian 245/70R16 111T XL HKPL SUV7 шип.;9 519,00  ;0;0;20+
Nokian 265/70R16 112T HKPL SUV7 шип.;9 950,00  ;0;0;20+
Nokian 225/65R17 106T XL HKPL SUV7 шип.;8 805,00  ;0;0;20+
Nokian 235/65R17 108T XL HKPL SUV7 шип.;9 230,00  ;0;0;12
Nokian 245/65R17 111T XL HKPL SUV7 шип.;9 937,00  ;0;0;20+
Nokian 225/60R17 103T XL HKPL SUV7 шип.;8 934,00  ;0;0;4
Nokian 225/60R18 104T XL HKPL SUV7 шип.;9 796,00  ;0;0;20+
Nokian 235/60R18 107T XL HKPL SUV7 шип.;9 841,00  ;0;0;20+
Nokian 245/60R18 109T XL HKPL SUV7 шип.;9 860,00  ;0;0;20+
Nokian 265/60R18 114T XL HKPL SUV7 шип.;9 944,00  ;0;0;13
Nokian 275/60R18 117T XL HKPL SUV7 шип.;10 368,00  ;0;0;20
Nokian 285/60R18 116T HKPL SUV7 шип.;10 593,00  ;0;0;20+
Nokian 235/55R18 104T XL HKPL SUV7 шип.;9 854,00  ;0;0;20+
Nokian 255/55R18 109T XL HKPL SUV7 шип.;10 098,00  ;0;0;20+
Nokian 255/55R19 111T XL HKPL SUV7 шип.;10 555,00  ;0;0;20+
Nokian 275/55R20 117T XL HKPL SUV7 шип.;11 905,00  ;0;0;20+
Nokian 265/50R20 111T XL HKPL SUV7 шип.;12 536,00  ;0;0;12
Nokian 275/50R20 113T XL HKPL SUV7 шип.;12 703,00  ;0;0;20
Nokian 275/40R20 106T XL HKPL SUV7 шип.;12 446,00  ;0;0;8
HKPL R SUV ;;;;
Nokian 225/70R16 107R XL HKPL R SUV;7 345,00  ;0;0;20+
Nokian 235/70R16 106R HKPL R SUV;7 667,00  ;0;0;20+
Nokian 265/70R16 112R HKPL R SUV;8 593,00  ;0;0;20+
Nokian 245/65R17 111R XL HKPL R SUV;8 503,00  ;0;0;20+
Nokian 275/65R17 119R XL HKPL R SUV;8 927,00  ;0;0;20+
Nokian 235/65R18 110R XL HKPL R SUV;8 374,00  ;0;0;20
Nokian 235/60R18 107R XL HKPL R SUV;8 349,00  ;0;0;12
Nokian 245/60R18 109R XL HKPL R SUV;8 374,00  ;0;0;20+
Nokian 275/60R18 113R HKPL R SUV;9 133,00  ;0;0;20+
Nokian 255/55R19 111R XL HKPL R SUV;9 571,00  ;0;0;20+
Nokian 255/50R19 107R XL HKPL R SUV;10 278,00  ;0;0;20+
Nokian 245/50R20 106R XL HKPL R SUV;10 555,00  ;0;0;16
Nokian 265/50R20 111R XL HKPL R SUV;11 050,00  ;0;0;20+
Nokian 275/50R20 113R XL HKPL R SUV;11 198,00  ;0;0;16
Nokian 275/40R20 106R XL HKPL R SUV;11 089,00  ;0;0;20+
Continental;;;;
ЛЕТНИЕ;;;;
EcoContact3/EP;;;;
Continental 195/50R15 82T ECO Contact EP распр.;1 000,00  ;0;0;0
Goodyear;;;;
Летние;;;;
Goodyear 155/70 R13 75T DURAGRIP распр.;1 000,00  ;0;0;1
Goodyear 185/60 R14 82T Vector 5+ распр.;1 000,00  ;0;0;1
Goodyear 275/45 R19 108V Eagle LS2 распр.;3 000,00  ;0;0;0
Michelin;;;;
ЗИМНИЕ;;;;
X-Ice;;;;
Michelin 235/45 R17 97T Extra Load X-Ice North шип.;4 248,00  ;0;0;0
ЛЕТНИЕ;;;;
BF Goodrich 205/70 R15 96H 4X4 Macadam T/A распр.;2 000,00  ;0;0;1
