;;R13;;;;
PIRELLI;P2500;185/70R13;86T;;500;1
;;R14;;;;
PIRELLI;DRAGON;195/60R14;86H;;1000;1
PIRELLI;P3000E;185/70R14;88T;;2200;больше 20
PIRELLI;CHRONO;185R14C;102/100R;;1000;1
COOPER;ZEON XTC;195/60R14;86H;-;1000;1
COOPER;COBRA VHP;195/65R14;89H;-;1500;1
PIRELLI;CHRONO;195R14C;106/104R;;3900;10
COOPER;Lifeliner Tour GLS;205/70R14;95T;;2200;1
COOPER;Lif.Classic II;205/70R14;91S;;2000;2
COOPER;TRENDSETER SE;205/75R14;;;2700;больше 20
COOPER;COBRA RAD.G/T;215/70R14;96T;-;3300;3
;;R15;;;;
COOPER;CS 2;185/65R15;88T;;2600;12
COOPER;CS4 TOURING;185/65R15;88T;;2950;больше 20
COOPER;COBRA RAD.G/T;195/50R15;81S;;2600;больше 20
COOPER;ZEON XTC;195/50R15;82H;-;2000;3
COOPER;ZEON XTC;195/55R15;85H;;3000;больше 20
PIRELLI;P6000;195/55R15;85H;;3000;1
COOPER;ZEON XTC;195/60R15;88H;;2800;больше 20
COOPER;CS4 TOURING;195/60R15;88T;;2800;больше 20
AVON;ZV 3;195/60R15;88H;;2000;2
COOPER;CS 2;195/65R15;91T;;2600;больше 20
COOPER;CS4 TOURING;195/65R15;91T;;2950;больше 20
COOPER;ZEON XTC;195/65R15;95H;;2000;2
PIRELLI;P 6;195/65R15;-;;1000;1
MICHELIN;Energy Saver;195/65R15;91T;;2700;2
PIRELLI;CITINET L6;195/70R15C;104R;;2000;1
PIRELLI;CITYNET L8;195/70R15C;104R;;2000;1
COOPER;Discoverer A/T;195/80R15;96T;;3500;больше 20
COOPER;COBRA RAD.G/T;205/50R15;84S;;3150;12
COOPER;ZEON 2XS;205/55R15;87W;;2000;2
PIRELLI;P6000;205/55R15;88V;;3750;14
PIRELLI;P 6 FOUR;205/55R15;88V;;2000;2
COOPER;CS4 TOURING;205/60R15;91T;;3000;больше 20
PIRELLI;P 7;205/60R15;91V;;2950;больше 20
AVON;ZV 3;205/60R15;91W;;2500;больше 20
PIRELLI;P 6 FOUR;205/60R15;91H;;1000;1
COOPER;ZEON XTC;205/65R15;94H;;3350;больше 20
COOPER;CS 4 Touring;205/65R15;94T;;3100;больше 20
PIRELLI;DRAGON;205/65R15;94H;;2900;5
PIRELLI;P3000E;205/65R15;94T;;3200;5
MICHELIN;ENRERGY;205/65R15;-;;1000;1
MICHELIN;Pilot Primacy;205/65R15;94V;;3000;1
COOPER;TREND SE;205/65R15;92S;-;2000;3
COOPER;Discoverer ATR ;205/70R15;96T;M+S;3500;1
COOPER;TRENDSETER SE;205/70R15;95S;M+S;2750;больше 20
HERCULES;PLUS MRX;205/70R15;97S;;1000;2
COOPER;Discoverer H/T;205/75R15;97S;M+S;3750;больше 20
COOPER;Discoverer ATR ;205/75R15;97S;M+S;3500;1
COOPER;CS4 TOURING;215/60R15;94T;;3200;больше 20
COOPER;COBRA RAD.G/T;215/60R15;93T;;2000;1
PIRELLI;P 6 FOUR;215/60R15;94H;;3800;19
COOPER;TRENDSETER SE;215/65R15;95S;M+S;2950;больше 20
COOPER;Lifeliner Tour GLS;215/65R15;96T;M+S;2950;15
PIRELLI;P 6 FOUR;215/65R15;96H;-;3000;3
COOPER;TRENDSETER SE;215/70R15;97S;M+S;2800;больше 20
COOPER;CS4 TOURING;215/70R15;98T;M+S;3600;больше 20
COOPER;COBRA RAD.G/T;215/70R15;97T;M+S;3950;больше 20
DUNLOP;GRANDTREK AT 20;215/70R15;97S;M+S;3300;больше 20
PIRELLI;CHRONO;215/70R15C;112S;;3000;2
COOPER;Lif.tuor. SLE;215/70R15;98T;;3000;2
COOPER;TRENDSETER SE;215/75R15;100S;M+S;3000;больше 20
BFG;MUD Terrain T/A KM2;215/75R15;100/97Q;M+S;6500;20
COOPER;Discov.H/T;215/75R15;100S;;3750;больше 20
COOPER;Lif.Classic II;215/75R15;100S;-;2000;0
COOPER;Discoverer A/T ;215/80R15;102T;M+S;3650;больше 20
COOPER;CS4 TOURING;225/60R15;96H;M+S;3500;больше 20
PIRELLI;P 6 FOUR;225/60R15;96H;;3000;2
Continental;CROSS CONT A/T;225/70R15;100S;M+S;3950;больше 20
COOPER;Discoverer ATR ;225/70R15;100S;M+S;4450;больше 20
COOPER;Discov.H/T;225/70R15;100S;;3000;1
COOPER;Discoverer ATR ;225/75R15;102S;M+S;4250;больше 20
COOPER;TRENDSETER SE;225/75R15;102S;M+S;2800;4
COOPER;Discov.AST II;225/75R15;102S;;3000;2
PIRELLI;P400;225/75R15;102T;;2000;0
COOPER;COBRA RAD.G/T;235/60R15;98T;M+S;4500;больше 20
COOPER;COBRA RAD.G/T;235/70R15;102T;M+S;3100;19
BFG;MUD Terrain T/A KM2;235/75R15;104/101Q;M+S;6950;19
COOPER;Discoverer A/T 3;235/75R15;105T;M+S;4250;больше 20
COOPER;Discoverer  ST;235/75R15;104/101Q;M+S;5750;больше 20
COOPER;TRENDSETER SE;235/75R15;105S;M+S;2950;8
PIRELLI;P400;235/75R15;108S;;2500;2
COOPER;Lif.Classic II;235/75R15;101S;;2500;1
PIRELLI;Scorpio S/T;235/75R15;101S;;2500;1
Mastercraft;A/S;235/75R15;105S;M+S;2500;8
MATRIX;MULTI MILE;235/75R15;105S;M+S;2500;больше 20
VANDERBIT;A/S;235/75R15;105S;M+S;2500;19
SIGMA;SHADOW;235/75R15;105S;M+S;2500;больше 20
STARFAER;SF-340;235/75R15;105S;M+S;2500;больше 20
CORNNELL;1000A/S;235/75R15;105S;M+S;2500;больше 20
CYCLONE;TOURING A/S;235/75R15;105S;M+S;2500;7
JETSON;Innovation;235/75R15;105S;M+S;2500;11
Telstar;Weatherizer;235/75R15;105S;M+S;2500;10
COOPER;COBRA RAD.G/T;245/60R15;100T;M+S;4750;больше 20
COOPER;COBRA RAD.G/T;255/70R15;108T;M+S;3950;больше 20
COOPER;Discoverer A/T 3;255/70R15;108T;M+S;5250;больше 20
PIRELLI;Scorpio A/T;255/75R15;105S;;2000;1
PIRELLI;Scorpio STR;265/70R15;112H;M+S;2950;больше 20
COOPER;Discoverer ATR ;265/70R15;112S;M+S;5000;больше 20
COOPER;Discoverer A/T 3;265/75R15;112T;M+S;4950;больше 20
COOPER;Discoverer ATR ;265/75R15;112S;M+S;5000;больше 20
COOPER;Discoverer H/T;265/75R15;112S;M+S;4250;больше 20
COOPER;COBRA RAD.G/T;275/60R15;107T;-;3650;1
COOPER;COBRA RAD.G/T;295/50R15;105S;M+S;5950;больше 20
COOPER;Discoverer ATR ;30X9.50R15;104R;M+S;4000;2
COOPER;Discoverer  STT ;30X9.50R15;104Q;M+S;6250;больше 20
COOPER;Discoverer  ST;30X9.50R15;104R;M+S;5750;больше 20
PIRELLI;Scorpio A/T;30X9.50R15;107S;;2500;1
Mastercraft;A/T2;30X9.50R15;104R;M+S;4500;4
COOPER;Discoverer H/T;30X9.50R15;104Q;M+S;4600;16
Wildcat;Radial A/T;30X9.50R15;104Q;M+S;4750;4
COOPER;Discoverer ATR ;31X10.50R15;109R;M+S;5750;больше 20
COOPER;Discoverer A/T 3;31X10.50R15;109R;M+S;5950;16
COOPER;Discoverer  STT ;31X10.50R15;109Q;M+S;6750;больше 20
COOPER;Discoverer  ST;31X10.50R15;109Q;M+S;6250;больше 20
BigOBigfoot;A/T;31X10.50R15;109Q;M+S;5950;4
COOPER;Discoverer  STT ;32X11.50R15;113Q;M+S;7750;больше 20
COOPER;Discov. LT;32X11.5R15;113Q;-;5000;3
COOPER;Discoverer  STT ;33X12.50R15;108Q;M+S;7950;больше 20
COOPER;Discoverer  ST;33X12.50R15;108Q;M+S;6950;больше 20
COOPER;Discov. LT;33X12.5R15;108Q;;4000;1
BFG;MUD Terrain T/A KM2;33X12.50R15;108Q;M+S;9950;20
DICK Cepec;CRUSHER;33X12.50R15;108Q;M+S;8950;4
Mickey Thompson;BAJA BELTED ATZ;33X12.50R15;108Q;M+S;8950;4
COOPER;Discoverer  STT ;35X12.50R15;113Q;M+S;8750;больше 20
COOPER;Discoverer  ST;35X12.50R15;113Q;M+S;8750;больше 20
BFG;MUD Terrain T/A KM2;35X12.50R15;113Q;M+S;9750;20
Mickey Thompson;BAJA BELTED HP;35X12.50R15;118Q;M+S;5000;2
;;R16;;;;
PIRELLI;CHRONO;175/75R16C;100R;;2500;больше 20
AVON;AVENZA AV9;185/75R16C;;;3500;8
HERCULES;POWER CV;185/75R16C;104/102R;;2950;8
PIRELLI;P6000;195/50R16;84H;;2500;1
COOPER;ZEON CS 6;195/55R16;87Y;;3950;больше 20
CEAT;C 2001;195/75R16C;105N;;2000;2
NOKIAN;NRC;195/75R16C;107/105R;;4450;12
COOPER;ZEON 2XS;205/45R16;83W;;3950;больше 20
COOPER;ZEON ZPT;205/50R16;87H;;3000;1
COOPER;Lif.tuor. SLE;205/50R16;92H;;2500;2
PIRELLI;P6000;205/50R16;87W;;4500;2
COOPER;Lif.Tour GLS;205/55R16;91T;;2500;1
COOPER;ZEON 2XS;205/55R16;91W;;3300;больше 20
AVON;ZV 3;205/55R16;91W;;2750;больше 20
COOPER;CS 4 Touring;205/55R16;91T;-;3750;больше 20
CONTINENTAL;Premium cont.;205/55R16;91H;;4000;2
MICHELIN;Pilot Exalto;205/55R16;91H;;2500;1
COOPER;Lif.Tour GLS;205/60R16;92H;;2000;1
COOPER;Lif.tuor. SLE;205/60R16;92H;;2000;1
MICHELIN;Pilot Primacy;225/60R16;98V;;3000;1
COOPER;CS4 TOURING;205/60R16;92V;;3850;больше 20
COOPER;CS4 TOURING;205/60R16;92H;;3850;больше 20
COOPER;ZEON CS 6;205/60R16;92V;;4650;больше 20
PIRELLI;P 6 FOUR;205/60R16;92H;;3600;5
PIRELLI;P 7;205/60R16;96W;;4950;15
MICHELIN;Energy Saver;205/60R16;92H;;3500;1
COOPER;Discoverer A/T ;205/80R16;104T;M+S;3750;больше 20
COOPER;Discoverer  ST;205/80R16;104T;M+S;3750;больше 20
Continental;4Х4Contact;205R16С;110/108R;;3950;15
COOPER;CS4 TOURING;215/55R16;93H;;4500;больше 20
PIRELLI;P 7;215/55R16;93H;;3950;2
PIRELLI;P 7  93V;215/55R16;93V;;3950;больше 20
PIRELLI;P 6;215/55R16;97H;;4000;2
PIRELLI;P 6 FOUR;215/55R16;93H;;4000;2
COOPER;Response;215/60R16;95T;;3250;10
COOPER;TRENDSETER SE;215/60R16;94S;;3100;больше 20
MICHELIN;ENERGY 3A;215/60R16;95V;;4300;больше 20
COOPER;CS4 TOURING;215/60R16;95T;;3950;больше 20
COOPER;Lifeliner Tour GLS;215/60R16;95T;;3100;8
PIRELLI;P 6;215/60R16;99H;-;4000;3
PIRELLI;P6000 94V;215/60R16;94V;###;3000;3
COOPER;CS4 TOURING;215/65R16;98T;;3950;больше 20
COOPER;Discoverer A/T 3;215/70R16;100T;M+S;4550;больше 20
COOPER;Discov.H/T;215/70R16;100S;;4150;больше 20
COOPER;ZEON XST-A;215/70R16;100H;;3950;1
AVON;AVENZA AV9;215/75R16C;116/114R;M+S;3950;больше 20
PIRELLI;CHRONO;215/75R16C;113/111R;M+S;5200;12
COOPER;RADIAL SRM II LT;215/85R16;112/115N;M+S;4500;4
COOPER;Discoverer ATR ;215/85R16;112/115R;M+S;5500;больше 20
COOPER;Discoverer A/T 3;215/85R16;112/115R;M+S;4500;2
PIRELLI;P7000;225/50ZR16;91W;;3950;5
COOPER;ZEON 2XS;225/55R16;95W;;4950;9
COOPER;ZEON XTC;225/55R16;95V;;4950;12
COOPER;CS4 TOURING;225/55R16;95H;;4950;больше 20
MICHELIN;Pilot Exalto AS;225/55R16;95H;;4950;больше 20
COOPER;CS4 TOURING;225/60R16;98T;;3600;больше 20
COOPER;Lifeliner Tour GLS;225/60R16;98T;;3500;больше 20
PIRELLI;DRAGON;225/60R16;98W;;3500;13
PIRELLI;P 6 FOUR;225/60R16;98H;-;3000;3
COOPER;CS4 TOURING;225/65R16;100T;;3650;больше 20
HERCULES;POWER CV;225/65R16C;112/110R;;3950;12
Definity;Dakota H/T;225/70R16;;;3950;12
COOPER;CS4 TOURING;225/70R16;103T;M+S;4200;больше 20
MICHELIN;LTX;225/70R16;101S;;5500;4
COOPER;Discoverer A/T 3;225/75R16;104T;M+S;4850;больше 20
COOPER;Discoverer  STT ;225/75R16;115Q;M+S;6950;больше 20
COOPER;DisS/T Maxx;225/75R16;115/112Q;M+S;5800;больше 20
BFG;MUD Terrain T/A KM2;225/75R16;110/107Q;M+S;7250;12
COOPER;SRM II LT;225/75R16C;115/112N;M+S;4950;больше 20
COOPER;Discoverer H/T;225/75R16;104S;M+S;3950;больше 20
PIRELLI;Scorpio S/T;225/75R16;100S;M+S;2950;больше 20
COOPER;COBRA RAD.G/T;235/55R16;96T;M+S;4250;4
COOPER;CS4 TOURING;235/60R16;100T;M+S;4400;больше 20
COOPER;Disc. Sp HP.;235/60R16;100H;;3000;1
PIRELLI;P6000H;235/60R16;100H;;4000;2
COOPER;CS4 TOURING;235/65R16;103T;M+S;4400;больше 20
COOPER;Lifeliner Tour GLS;235/65R16;103T;M+S;3750;19
COOPER;ZEON XST-A;235/70R16;106H;M+S;4400;больше 20
COOPER;Discoverer ATR ;235/70R16;106T;M+S;4950;больше 20
COOPER;Discoverer H/T;235/70R16;106T;M+S;4400;больше 20
COOPER;Discoverer A/T 3;235/70R16;106T;M+S;4600;больше 20
BFG;MUD Terrain T/A KM2;235/70R16;104/101Q;M+S;7750;12
COOPER;Discov.AST II;235/70R16;105S;;2500;1
PIRELLI;Scorpio S/T;235/70R16;105T;;3000;1
COOPER;Discoverer A/T 3;235/75R16;108T;M+S;5250;больше 20
COOPER;Discoverer LSX;235/75R16;106S;M+S;4400;4
COOPER;Discov.H/T;235/75R16;106S;;4400;1
BFG;MUD Terrain T/A KM2;235/85R16LT;120/116Q;M+S;9750;8
COOPER;Discoverer  STT ;235/85R16LT;120/116Q;M+S;6950;больше 20
COOPER;Discov  ST Maxx;235/85R16LT;120/116Q;M+S;5950;больше 20
COOPER;Discoverer A/T 3;235/85R16LT;120/116R;M+S;6000;больше 20
COOPER;Discoverer H/T;235/85R16LT;120/116Q;M+S;4950;больше 20
COOPER;Discoverer ATR ;235/85R16LT;120/116Q;M+S;5650;больше 20
COOPER;Discov. ST;235/85R16;116N;;5000;1
COOPER;RADIAL SRM II LT;235/85R16LT;120/116Q;M+S;4950;4
COOPER;DisS/T Maxx;235/85R16;120Q;-;6400;3
COOPER;ZEON ZPT;245/50R16;97H;M+S;5300;2
COOPER;Discoverer ATR ;245/70R16;107S;M+S;5250;больше 20
COOPER;Discoverer H/T;245/70R16;107S;M+S;4950;больше 20
BFG;ALL Terrain T/A ;245/70R16;113S;M+S;7400;20
BFG;ALL Terrain T/A ;245/75R16;120/116S;M+S;8500;20
BFG;MUD Terrain T/A KM2;245/75R16;120/116Q;M+S;8750;20
BigOBigfoot;A/T;245/75R16;120/116Q;M+S;5950;4
COOPER;Discov  ST Maxx;245/75R16;120/116Q;M+S;5950;больше 20
COOPER;Discoverer  STT ;245/75R16;120/116Q;M+S;7950;больше 20
COOPER;Discoverer ST;245/75R16;120/116N;M+S;5500;больше 20
COOPER;Discoverer H/T;245/75R16;109S;M+S;4250;больше 20
COOPER;Discoverer ATR ;245/75R16;111S;M+S;5250;6
COOPER;Discoverer A/T 3;245/75R16LT;120/116R;;5550;4
COOPER;Discoverer H/T;255/65R16;109S;M+S;4900;больше 20
COOPER;Discoverer  STT ;255/70R16;108Q;M+S;7950;больше 20
COOPER;Discoverer ATR ;255/70R16;111S;M+S;5550;больше 20
COOPER;Discoverer A/T 3;255/70R16;111T;M+S;4950;больше 20
COOPER;Discoverer H/T;255/70R16;109S;M+S;4450;больше 20
COOPER;Discov. ST;255/70R16;111S;;3500;1
Continental;Cross Contact L/X;255/70R16;111T;M+S;4500;больше 20
BFG;MUD Terrain T/A KM2;255/85R16;123/120Q;M+S;10500;8
COOPER;ZEON XST-A;265/70R16;112H;M+S;4950;больше 20
COOPER;Discoverer H/T;265/70R16;112S;M+S;4650;больше 20
COOPER;Discoverer ATR ;265/70R16;112T;M+S;5550;больше 20
COOPER;Discoverer A/T 3;265/70R16;112T;M+S;5750;больше 20
COOPER;Disc. Sp HP.;265/70R16;116S;-;4000;3
BFG;ALL Terrain T/A KM2;265/75R16;123/120Q;M+S;8400;20
BFG;MUD Terrain T/A KM2;265/75R16;123/120Q;M+S;8750;20
COOPER;Discoverer  STT ;265/75R16;123/120Q;M+S;8750;больше 20
COOPER;Discoverer ST;265/75R16;112/109N;M+S;7250;больше 20
COOPER;Discov  ST Maxx;265/75R16;123/120Q;M+S;7750;больше 20
COOPER;Discoverer H/T;265/75R16;114S;M+S;4400;больше 20
COOPER;Discoverer A/T 3;265/75R16;116T;M+S;5650;больше 20
Mastercraft;R/D;265/75R16;;;5250;8
PIRELLI;Scorpio A/T;265/75R16;112S;;4000;2
COOPER;Discoverer H/T;275/70R16;114S;M+S;4950;больше 20
PIRELLI;Scorpio A/T;275/70R16;114S;;3000;1
PIRELLI;Scor ZERO;285/65R16;113H;M+S;3950;больше 20
COOPER;Discoverer  STT ;285/75R16;126/123Q;M+S;8950;больше 20
COOPER;Discoverer ST;285/75R16;122/119R;M+S;6950;больше 20
COOPER;Discov  ST Maxx;285/75R16;126/123Q;M+S;8650;больше 20
COOPER;Discoverer ATR ;285/75R16;122/119R;M+S;6950;больше 20
COOPER;Discoverer LT ;285/75R16;120N;M+S;5000;2
BFG;ALL Terrain T/A KM2;285/75R16;122R;M+S;10300;12
BFG;MUD Terrain T/A KM2;285/75R16;126/123Q;M+S;10500;20
Mastercraft;COURSER A/T;285/75R16;122Q;M+S;5950;больше 20
COOPER;COBRA RAD.G/T;295/50R16;107S;;4950;2
BFG;ALL Terrain T/A KM2;295/75R16;123R;M+S;10900;4
COOPER;Discoverer ATR ;305/70R16;118/115Q;M+S;7750;больше 20
COOPER;Discoverer A/T 3;305/70R16;124/121R;M+S;7950;больше 20
COOPER;Discoverer A/T ;305/70R16;118/115Q;M+S;4000;2
COOPER;Discoverer  STT ;305/70R16;124/121й;M+S;8950;больше 20
COOPER;Discoverer  ST;305/70R16;118/115N;M+S;8750;больше 20
Mickey Thompson;BAJA ATZ;305/70R16;121/124Q;M+S;9950;4
DUNLOP; RADIAL ROVER;305/70R16;115R;M+S;5000;3
COOPER;Discoverer ATR ;315/75R16;121R;M+S;7950;5
Mastercraft;AT-2;315/75R16;121Q;M+S;6950;4
COOPER;Discoverer  STT ;315/75R16;127Q;M+S;10950;больше 20
COOPER;Discoverer ST;315/75R16;121N;M+S;7950;больше 20
COOPER;Discoverer A/T 3;315/75R16;121R;M+S;8750;больше 20
BFGoodrich;BAJA T/A;315/75R16;113T;M+S;9950;16
COOPER;Discov. A/T;315/75R16;121Q;M+S;4000;1
HERCULES;Terra Trac A/T;315/75R16;121Q;M+S;7750;4
BigOBigfoot;A/T;315/75R16;121Q;M+S;6950;8
Wild Country;Radial XTX;315/75R16;121R;M+S;6950;4
Mickey Thompson;BAJA BELTED HР ;35X12.5R16;-;M+S;3000;2
;;R17;;;;
COOPER;ZEON 2XS;205/45R17;88W;;4750;больше 20
COOPER;ZEON CS 6;205/50R17;89V;;4950;16
PIRELLI;ZERO ROSSO;205/50R17;93W;;8700;4
COOPER;ZEON 2XS;205/50R17;93W;;4950;больше 20
COOPER;CS4 TOURING;205/50R17;93V;;4750;больше 20
PIRELLI;P 6 ;205/50R17;90H;;5600;8
Goodyear;Eagle Resp Edge;205/50R17;93V;;4950;больше 20
MICHELIN;Pilot Sport 3;205/50R17;89V;;5900;больше 20
PIRELLI;P 7;215/55R17;94W;;3000;1
COOPER;ZEON ZPT;215/40R17;83H;;3950;13
PIRELLI;DRAGON;215/40ZR17;83W;;4800;6
PIRELLI;P7000;215/45R17;87W;;4500;больше 20
MICHELIN;Pilot Sport P3;215/45R17;;;5750;больше 20
COOPER;ZEON ZPT;215/45R17;87H;;4200;больше 20
COOPER;ZEON 2XS;215/45R17;87Y;;4800;больше 20
COOPER;Zeon SPORT A/S;215/45R17;91W;;4480;2
COOPER;CS4 TOURING;215/50R17;91V;;5850;больше 20
COOPER;CS4 TOURING;215/55R17;94V;;5250;больше 20
COOPER;Lif.tuor. SLE;215/50R17;91V;;3000;2
COOPER;Lif.tuor. SLE;215/55R17;94H;;2500;1
MICHELIN;ENERGY MHV 8;215/55R17;94V;;6350;больше 20
COOPER;CS4 TOURING;215/60R17;96T;;4750;больше 20
COOPER;Lif.tuor. SLE;215/60R17;95T;;2500;1
COOPER;CS4 TOURING;215/65R17;99T;;4350;больше 20
COOPER;ZEON 2XS;225/45R17;91Y;;4750;больше 20
MICHELIN;Pilot Prec PP;225/45R17;91W;;5950;больше 20
COOPER;ZEON CS 6;225/45R17;94V;;4950;больше 20
Goodyear;EAGLE F1All Season;225/45R17;91Y;;4800;больше 20
Goodyear;Excellence;225/45R17;91W;;4950;8
COOPER;CS4 TOURING;225/50R17;94V;;5750;больше 20
Goodyear;EAGLE F1All Season;225/50R17;94Y;;4950;больше 20
PIRELLI;Scorpio S/T;225/55R17;97H;;3000;1
MICHELIN;Primacy MXV4;225/55R17;97H;;4950;больше 20
COOPER;CS4 TOURING;225/55R17;97T;;4600;больше 20
Goodyear;EAGLE F 1  GSD 3;225/55R17;97V;;5500;больше 20
CONTINENTAL;Sport Con. 4X4;225/55R17;93H;-;3000;3
COOPER;Lif.tuor. SLE;225/55R17;-;-;3000;3
COOPER;CS4 TOURING;225/60R17;99T;;4950;больше 20
COOPER;Lifeliner Tour GLS;225/60R17;99T;;4600;больше 20
COOPER;Lif.tuor. SLE;225/60R17;98T;;3000;2
NOKIAN;HAKKA Z;225/60R17;103W;;7950;больше 20
COOPER;CS4 TOURING;225/65R17;102T;;5200;больше 20
COOPER;ZEON XST-A;225/65R17;102H;;5750;больше 20
COOPER;ZEON 2XS;235/40R17;90Y;;5490;1
COOPER;ZEON CS 6;235/45R17;94W;;5250;больше 20
BFGoodrich;G-FORCE T/A KDW;235/45R17;94Y;;4700;больше 20
COOPER;ZEON ZPT;235/45R17;94H;;4750;1
PIRELLI;P 6 FOUR;235/45R17;94V;;2000;1
PIRELLI;DRAGON;235/45R17;94W;;6000;2
COOPER;ZEON 2XS;235/45R17;94Y;-;4000;3
MICHELIN;Pilot Sport;235/45R17;94Y;-;5500;3
COOPER;CS4 TOURING;235/50R17;96V;;5950;больше 20
COOPER;CS4 TOURING;235/55R17;99T;;5950;больше 20
BFGoodrich;G-FORCE T/A KDW;235/55R17;99Y;;4950;больше 20
COOPER;Zeon Sport A/S;235/55R17;99W;-;6000;3
COOPER;Discoverer ATR ;235/60R17;102T;M+S;5750;больше 20
COOPER;CS4 TOURING;235/60R17;102T;M+S;4950;больше 20
COOPER;Discoverer A/T 3;235/60R17;102T;M+S;5950;больше 20
COOPER;CS4 TOURING;235/65R17;104T;M+S;5500;больше 20
COOPER;Discoverer H/T;235/65R17;104S;M+S;4950;больше 20
COOPER;Discoverer A/T 3;235/65R17;104T;M+S;5950;больше 20
MICHELIN;Pilot Preceda PP2;235/65R17;104W;M+S;6950;больше 20
Definity;Dakota H/T;235/65R17;104S;M+S;4100;больше 20
COOPER;Disc. Sp HP.;235/65R17;104H;-;5000;3
COOPER;Discoverer A/T 3;235/70R17;111T;M+S;5950;больше 20
COOPER;Discoverer ATR ;235/70R17;111S;M+S;5950;больше 20
COOPER;Discoverer H/T;235/80R17;117R;M+S;6150;20
COOPER;Discoverer ATR ;235/80R17;117/120Q;M+S;6800;больше 20
COOPER;Discoverer  ST;235/80R17;117/120Q;M+S;7750;больше 20
COOPER;ZEON ZPT;245/45R17;95H;;5990;больше 20
COOPER;ZEON 2XS;245/45R17;95W;;6650;больше 20
PIRELLI;ZERO NERO;245/45R17;95W;;4000;2
Goodyear;Excellence RunFlat ;245/55R17;102W;;5450;больше 20
COOPER;Discoverer ATR ;245/65R17;107S;M+S;6500;больше 20
COOPER;Discoverer A/T 3;245/65R17;107T;M+S;5950;больше 20
COOPER;Discoverer H/T;245/65R17;107S;M+S;5250;больше 20
COOPER;Discoverer LSX;245/65R17;107S;M+S;4950;4
Goodyear;Fortera HL ;245/65R17;105S;M+S;5250;больше 20
COOPER;Discoverer H/T;245/70R17;110S;M+S;5800;больше 20
Definity;Dakota H/T;245/70R17;;M+S;4750;4
COOPER;Discoverer ATR ;245/70R17;110S;M+S;5950;больше 20
COOPER;Discoverer  STT ;245/70R17;109/116Q;M+S;7950;больше 20
COOPER;Discoverer  ST;245/70R17;108S;M+S;7350;больше 20
PIRELLI;P7000;255/40R17;94W;;3000;1
COOPER;ZEON 2XS;255/40R17;94Y;;6300;5
COOPER;ZEON 2XS;255/45R17;98W;;6550;4
PIRELLI;Scorpio Zero;255/50R17;100V;M+S;5000;2
YOKOHAMA;AVS 801;255/50R17;100V;M+S;5000;1
COOPER;Discoverer CTS;255/65R17;110T;M+S;6250;больше 20
COOPER;Discov.A/T 3;255/65R17;110T;-;6250;2
COOPER;Discoverer ATR ;255/70R17;112S;M+S;6250;больше 20
PIRELLI;P7000;265/40R17;91W;;4500;8
COOPER;Discoverer CTS;265/65R17;112T;M+S;6500;больше 20
COOPER;Discoverer ATR ;265/65R17;112T;M+S;6750;больше 20
COOPER;Discov.A/T 3;265/65R17;112T;M+S;6750;больше 20
PIRELLI;Scorpio STR;265/65R17;112H;M+S;5000;1
MICHELIN;Latitude Tour ;265/65R17;112H;M+S;7750;больше 20
Continental;CROSS CONT AT;265/65R17;112T;M+S;6550;больше 20
COOPER;Discoverer  STT ;265/70R17;121/118Q;M+S;8500;больше 20
COOPER;Discov  ST Maxx;265/70R17;121/118Q;M+S;8950;больше 20
COOPER;Discoverer  ST;265/70R17;119/112Q;M+S;6950;больше 20
COOPER;Discoverer ATR ;265/70R17;115S;M+S;5950;больше 20
COOPER;Discov.A/T 3;265/70R17;115S;;6950;2
COOPER;Discoverer CTS;265/70R17;115T;M+S;5850;больше 20
COOPER;Discoverer H/T;265/70R17;113S;M+S;4950;больше 20
BigOBigfoot;A/T;265/70R17;115S;M+S;5500;16
Definity;Dakota H/T;265/70R17;;M+S;4950;больше 20
MICHELIN;LTX/AS;265/70R17;121Q;;7000;2
PIRELLI;P7000;275/40R17;93W;M+S;4950;19
COOPER;ZEON XST-A;275/55R17;109V;M+S;5950;больше 20
MICHELIN;DIAMANIS 4X4;275/55R17;109V;M+S;8900;4
COOPER;Discoverer H/T;275/60R17;110S;M+S;5750;больше 20
COOPER;COBRA RAD.G/T;275/60R17;110T;-;5450;3
COOPER;Discoverer H/T;275/65R17;115S;M+S;6650;больше 20
COOPER;Discoverer  ST;275/70R17;114/110Q;M+S;8700;больше 20
COOPER;Discoverer A/T 3;275/70R17;114/110S;M+S;8300;больше 20
FEDERAL;Couragia S/U;285/60R17;114V;M+S;3950;17
COOPER;Discoverer ATR ;285/70R17;121/118Q;M+S;8500;больше 20
COOPER;ZEON LTZ;285/70R17;121Q;M+S;9500;больше 20
COOPER;Discoverer  STT ;285/70R17;121/118Q;M+S;9950;больше 20
COOPER;Discoverer  ST;285/70R17;121/118Q;M+S;9500;больше 20
COOPER;Discov  ST Maxx;285/70R17;121/118Q;M+S;10500;больше 20
COOPER;Discoverer  STT ;295/70R17;121Q;M+S;11750;больше 20
Mickey Thomp;BAJA ATZ;305/65R17;121/118N;M+S;12000;12
COOPER;Discoverer A/T 3;315/70R17;121/118S;M+S;9950;больше 20
BFG;ALL Terrain T/A KM2;315/70R17;121R;M+S;14500;4
COOPER;Discoverer  STT ;33X12.5R17;114Q;M+S;9950;больше 20
COOPER;Discoverer ST;33X12.5R17;114Q;M+S;8700;больше 20
Mickey Thomp;Dick Cepek F-CII;33X12.5R17;114Q;M+S;8950;5
COOPER;Discoverer  STT ;35X12.5R17;119Q;M+S;11900;больше 20
BFGoodrich;BAJA T/A;35X12.5R17;111T;M+S;11900;16
COOPER;Discoverer  STT ;37X12.5R17;124P;M+S;12950;больше 20
BFG;MUD Terrain T/A KM2;37X12.5R17;124Q;M+S;12700;8
PRO COMP;X TREME;37X12.5R17;-;;7500;1
BFGoodrich;BAJA T/A KRT;39X13,5R17;Sport;M+S;14500;20
;;R18;;;;
PIRELLI;ZERO NERO MS;215/40R18;89W;;5750;20
PIRELLI;P 4 SEASON;215/55R18;95T;;6750;20
PIRELLI;ZERO NERO;225/35R18;93Y;;9600;4
COOPER;ZEON 2XS;225/40R18;92Y;;5680;больше 20
Goodyear;EAGLE F1All Season;225/40R18;92Y;;5600;больше 20
PIRELLI;DRAGON;225/40R18;88W;;5000;2
COOPER;ZEON RS3-A;225/45R18;95W;;6300;больше 20
COOPER;ZEON 2XS;225/45R18;95W;;7350;3
PIRELLI;ZERO NERO AS;225/45R18;91W;;5950;больше 20
PIRELLI;PI Zero Rosso;225/45R18;95W;;6000;2
FALKEN;FK 452;225/45R18;;;6350;16
COOPER;CS4 TOURING;225/55R18;98T;;5950;больше 20
COOPER;CS4 TOURING;225/60R18;100H;;5950;больше 20
PIRELLI;ZERO NERO;235/40R18;91H;;3000;1
COOPER;ZEON 2XS;235/40R18;91Y;;6000;2
COOPER;ZEON ZPT;235/40R18;91H;;6000;1
MICHELIN;Pilot Preceda PP2;235/45R18;94W;;6950;больше 20
Goodyear;EAGLE RS-A;235/45R18;94V;;5950;больше 20
PIRELLI;ZERO NERO;235/45R18;98Y;;7500;2
COOPER;ZEON XST-A;235/50R18;97V;;5250;больше 20
MICHELIN;Pilot HX MXM;235/50R18;97W;;7950;19
PIRELLI;ZERO NERO MS;235/50R18;97W;;6950;10
PIRELLI;Scorpio STR;235/50R18;97H;;4000;1
PIRELLI;P6000;235/50R18;97W;;5000;1
MICHELIN;Pilot Sport;235/50R18;96Y;;10000;1
COOPER;Zeon SPORT A/S;235/55R18;100W;M+S;7250;больше 20
Continental;Premium Contact 2;235/55R18;100y;;7750;больше 20
Goodyear;Assurance Comfort;235/55R18;99T;;7750;8
COOPER;ZEON 4XS;235/60R18;103Y;;6500;больше 20
Continental;ContiContact 4X4;235/60R18;103H;;8750;20
COOPER;CS4 TOURING;235/65R18;106T;;5500;больше 20
MICHELIN;Pilot HX MXM4;245/40R18;93V;;7950;больше 20
COOPER;Zeon SPORT A/S;245/40R18;97W;;7250;больше 20
PIRELLI;PI Zero Rosso;245/40R18;97Y;;10500;3
COOPER;ZEON 2XS;245/45R18;100W;;6750;2
MICHELIN;Pilot Sport;255/45R18;99Y;;8500;2
COOPER;CS 4 Touring;245/45R18;96V;-;6000;больше 20
MICHELIN;Pilot Primacy;245/50R18;100W;;11000;1
PIRELLI;ZERO ROSSO;245/50R18;100W;;10500;4
COOPER;Discoverer CTS;245/60R18;105H;;6950;больше 20
COOPER;Zeon SPORT A/S;255/45R18;103W;;8750;больше 20
FEDERAL;SS 595;255/45R18;99W;;4500;10
YOKOHAMA ;AS 01;255/45R18;99Y;;7950;больше 20
COOPER;Discoverer CTS;255/55R18;109H;M+S;6950;больше 20
COOPER;Disc. Sp HP.;255/55R18;109V;;3000;1
PIRELLI;Scorpio STR;255/55R18;109H;;5000;1
DUNLOP;Grantrek PT 2 ;255/55R18;109V;M+S;8280;больше 20
TOYO;PROXES S/T II;255/55R18;109V;M+S;8000;2
COOPER;Discov H/T Plus;255/55R18;109T;M+S;6400;больше 20
PIRELLI;PI Zero Rosso;255/55R18;109V;M+S;9000;3
COOPER;ZEON XST-A;255/60R18;112V;M+S;6750;больше 20
TOYO;PROXES ST II;255/60R18;112V;;8000;2
PIRELLI;Scorpio ATR;255/60R18;112H;;3000;2
COOPER;CS4 TOURING;255/65R18;109H;M+S;6950;больше 20
COOPER;Discoverer CTS;255/70R18;113T;M+S;5950;больше 20
PIRELLI;Scorpio STR;255/70R18;112S;M+S;5950;больше 20
PIRELLI;PI Zero Rosso;265/35R18;ZR;;8000;2
YOKOHAMA;SPORT ;265/35R18;93Y;;7500;2
COOPER;Discov H/T Plus;265/60R18;114T;M+S;6950;больше 20
Continental;CROSS CONT LX;265/60R18;110T;M+S;7950;больше 20
COOPER;Discoverer A/T 3;265/65R18;114T;M+S;6950;больше 20
COOPER;Discoverer ATR ;265/65R18;114S;M+S;6950;больше 20
COOPER;Discoverer CTS;265/70R18;116T;M+S;6700;больше 20
COOPER;Discoverer A/T 3;265/70R18;116T;M+S;6950;больше 20
COOPER;Discoverer ATR ;265/70R18;116S;M+S;6950;4
PIRELLI;ZERO ROSSO;275/35R18;95Y;;9900;2
COOPER;ZEON RS3-A;275/35R18;95W;;7950;9
COOPER;ZEON 2XS;275/35R18;95W;;5000;1
COOPER;ZEON RS3-S;275/40R18;99Y;;8350;20
COOPER;ZEON 2XS;275/40R18;99W;;8700;12
MICHELIN;Pilot Sp. PS2;275/40R18;99Y;;9500;2
COOPER;Zeon SPORT A/S;275/40R18;99W;;8850;7
PIRELLI;ZERO A;275/40R18;99Y;;8500;больше 20
YOKOHAMA ;ADVAN SPORT;275/40R18;103V;;6950;20
COOPER;Discoverer ATR ;275/65R18;113/110S;M+S;8750;больше 20
COOPER;Discoverer AT3 ;275/65R18;113S;M+S;6250;больше 20
COOPER;Discoverer  STT ;275/65R18;123/120Q;M+S;11950;больше 20
COOPER;Discoverer  ST ;275/65R18;113/110S;M+S;6950;больше 20
COOPER;Discoverer H/T;275/65R18;123S;M+S;6950;больше 20
COOPER;Discoverer ATR ;275/70R18;125/122s;M+S;8950;больше 20
COOPER;Discoverer  STT ;275/70R18;125Q;M+S;11750;больше 20
COOPER;Discov.A/T 3;275/70R18;125S;;7950;12
COOPER;Discov  ST Maxx;275/70R18;125/122s;M+S;9950;больше 20
COOPER;Discov H/T Plus;285/60R18;116S;M+S;6950;больше 20
Mastercraft;COURSER HTR Plus;285/60R18;116S;M+S;6950;4
MICHELIN;Latitude Tour HP;285/60R18;116H;;6500;2
COOPER;Discoverer  STT ;305/60R18;121Q;M+S;13350;больше 20
Mickey Thomp;BAJA ATZ;305/60R18;121/118Q;M+S;13500;8
COOPER;Discoverer  STT ;325/60R18;124N;M+S;12900;больше 20
COOPER;Discoverer  STT ;325/65R18;127N;M+S;12500;больше 20
Mickey Thomp;BAJA ATZ;325/65R18;127/124N;M+S;13500;12
PIRELLI;Scorpion ATR;325/65R18;121/118s;M+S;12900;12
COOPER;Discoverer  STT ;35X12.5R18;123Q;M+S;12950;больше 20
BFGoodrich;ALL TERRAIN T/A;37X12,5R18;123R;M+S;10950;больше 20
Mickey Thompson; ATZ;37X13.5R18;124Q;M+S;9950;больше 20
;;R19;;;;
COOPER;ZEON 2XS;225/35R19;88Y;;7750;10
COOPER;ZEON 2XS;235/35R19;91Y;;7950;10
DUNLOP;SP 7000 AS;235/50R19;95V;;5950;больше 20
COOPER;CS4 TOURING;235/55R19;105H;;6950;больше 20
DUNLOP;SP MAXX A1;235/55R19;101V;M+S;10950;больше 20
DUNLOP; SPORT 270;235/55R19;101V;M+S;10950;больше 20
YOKOHAMA ;PARADA X;235/55R19;101V;;8500;больше 20
COOPER;ZEON 2XS;245/35R19;93Y;;9350;20
COOPER;ZEON RS3-A;245/40R19;94W;;7750;16
PIRELLI;PI Zero Rosso;245/45R19;98Y;;7500;1
PIRELLI;ZERO NERO AS;245/45R19;102H;;7950;больше 20
YOKOHAMA;V 802;255/50R19;107W;;8800;1
MICHELIN;Latitude Tour HP;255/50R19;107H;;10500;2
PIRELLI;ZERO NERO AS;245/50R19;104W;;7950;больше 20
COOPER;Discoverer CTS;245/55R19;103T;;6950;больше 20
Mastercraft;COURSER HSR TOUR;245/55R19;103T;;5950;20
DUNLOP;Grand Trek;255/55R19;111V;;8000;2
COOPER;ZEON 2XS;255/35R19;96Y;;8500;больше 20
COOPER;ZEON 2XS;255/40R19;100W;;8950;больше 20
PIRELLI;P6 SEASON;255/40R19;100V;;7950;12
Goodyear;EAGLE F1 SUPERCAR;255/40R19;96W;;7500;больше 20
PIRELLI;Z ROSSO;255/45R18;99Y;;7000;1
MICHELIN;Latitude Tour ;255/50R19;107H;;;2
COOPER;ZEON 4XS;255/50R19;103V;M+S;6950;больше 20
PIRELLI;ZERO ROSSO;255/50R19;103W;M+S;11700;4
NOKIAN;NRVi SUV;255/50R19;107V;;5000;1
COOPER;ZEON LTZ;255/55R19;111H;M+S;7950;больше 20
COOPER;ZEON 4XS;255/55R19;111V;M+S;7950;больше 20
MICHELIN;Latitude Tour ;255/55R19;;;10950;12
TOYO;PROXES S/T II;255/55R19;111V;M+S;10500;4
DUNLOP;Grantrek PT 9000 ;255/55R19;111V;M+S;8950;2
PIRELLI;Scor ZERO;255/55R19;103V;;7000;1
COOPER;CS4 TOURING;255/60R19;108H;M+S;7950;больше 20
Goodyear;EAGLE RS-A;255/60R19;108H;M+S;6950;больше 20
COOPER;ZEON 2XS;265/30R19;93Y;;6000;2
TOYO;Vedrsado SUV;265/50R19;110V;;10950;больше 20
PIRELLI;ZERO ROSSO;275/30R19;96Y;;13900;2
PIRELLI;DRAGON;275/30R19;96W;;8000;1
COOPER;ZEON 2XS;275/30R19;96W;;9950;11
PIRELLI;PI Zero Rosso;275/30R19;96Y;;9900;2
PIRELLI;PI Zero Rosso;275/35R19;100Y;;9900;2
MICHELIN;Pilot Primacy;275/40R19;101Y;;11000;2
Continental;Pro Contact;275/40R19;101V;;8500;20
PIRELLI;PZERO NERO AS;275/40R19;105H;;9600;больше 20
COOPER;ZEON 4XS;275/45R19;108Y;M+S;9500;больше 20
MICHELIN;DIAMANIS 4X4;275/45R19;108Y;M+S;11500;1
PIRELLI;Scor ZERO;275/55R19;111H;M+S;12200;больше 20
DUNLOP;SP MAX;275/55R19;111V;-;9500;3
Goodyear;EAGLE F1 SUPERCAR;285/35R19;90W;;7500;больше 20
COOPER;ZEON 4XS;285/45R19;107V;M+S;9000;больше 20
PIRELLI;Scor ZERO;285/55R19;114V;;7000;1
;;R20;;;;
PIRELLI;ZERO ;245/40R20;99Y;;15000;5
COOPER;ZEON RS3-S;245/45R20;103Y;;6950;10
YOKOHAMA ;PARADA SPEC X;245/45R20;99V;;7750;больше 20
PIRELLI;Scor STR;245/50R20;102H;;8950;8
Goodyear;EAGLE RS-A;245/50R20;102H;;6500;больше 20
COOPER;ZEON 2XS;255/35R20;97W;;10500;больше 20
ZETEX;HP 101;255/35R20;97Y;;7500;4
YOKOHAMA ;PARADA X;255/45R20;105V;;9950;16
COOPER;Zeon SPORT A/S;265/50R20;111V;;10750;больше 20
Goodyear;Fortera HL ;265/50R20;107T;;6950;больше 20
TOYO;PROXES S/T ;265/50R20;111М;;11400;4
COOPER;ZEON RS3-S;275/40R20;106Y;M+S;8500;больше 20
COOPER;ZEON 4XS;275/40R20;106Y;M+S;8500;10
PIRELLI;PI ZERO;275/40R20;106Y;M+S;10750;13
YOKOHAMA ;PARADA X;275/40R20;106V;M+S;8950;больше 20
MICHELIN;4X4 Diamaris;275/40R20;106Y;-;9500;3
PIRELLI;Scorpio Zero;275/40R20;106Y;-;9900;3
COOPER;Discov H/T Plus;275/45R20;110T;M+S;6950;больше 20
YOKOHAMA ;PARADA X;275/45R20;110V;M+S;8950;больше 20
COOPER;ZEON LTZ;275/45R20;110S;M+S;8350;больше 20
COOPER;Discov H/T Plus;275/55R20;117T;M+S;7500;больше 20
COOPER;Discoverer ATR ;275/55R20;117S;M+S;7950;2
COOPER;Discoverer AT3 ;275/55R20;117T;M+S;8750;больше 20
COOPER;ZEON LTZ;275/55R20;117S;M+S;7950;больше 20
PIRELLI;Scor ATR;275/55R20;111S;M+S;8250;больше 20
Mickey Thomp;BAJA STZ;275/55R20;;M+S;9950;4
COOPER;ZEON LTZ;275/60R20;119S;M+S;8950;больше 20
COOPER;Discov H/T Plus;275/60R20;119T;M+S;7950;больше 20
COOPER;Discov ATP;275/60R20;115S;M+S;7950;8
COOPER;Discoverer AT3 ;275/60R20;126/123S;M+S;8950;больше 20
Mastercraft;COURSER AXT ;275/65R20;126/123S;M+S;7500;4
COOPER;Discoverer AT3 ;275/65R20;126/123S;M+S;8950;больше 20
COOPER;ZEON LTZ;275/65R20;126/123S;M+S;9950;больше 20
COOPER;ZEON LTZ;285/50R20;116S;M+S;9500;больше 20
NEXEN;Roadian H/P;285/50R20;116V;M+S;7950;8
COOPER;Discov H/T Plus;285/50R20;116T;M+S;6950;больше 20
COOPER;ZEON XST;285/50R20;116V;;5000;1
PIRELLI;ZERO NERO ;295/35R20;105Y;M+S;17900;2
PIRELLI;Scor ZERO A;295/45R20;110V;-;11000;3
COOPER;ZEON XST;295/45R20;114H;M+S;9950;2
COOPER;Discov H/T Plus;295/45R20;114S;M+S;6000;2
PIRELLI;Scor ZERO А;295/45R20;110V;M+S;12000;1
NANKANG;N 990;295/45R20;114H;M+S;8000;больше 20
COOPER;Discov H/T Plus;305/45R20;116S;M+S;7000;2
COOPER;ZEON XST;305/45R20;116H;;5000;1
COOPER;Discov H/T Plus;305/50R20;120S;M+S;8350;больше 20
YOKOHAMA ;PARADA SPEC X;305/50R20;120V;M+S;8250;больше 20
TOYO;PROXES S/T ;305/50R20;120V;M+S;8600;больше 20
COOPER;ZEON XST;305/50R20;120V;M+S;9000;1
COOPER;Discoverer AT3 ;305/55R20;121/118S;M+S;13500;больше 20
COOPER;ZEON LTZ;305/55R20;121S;M+S;13500;больше 20
COOPER;Discoverer  STT ;35X12.5R20;116S;M+S;13750;больше 20
Mickey Thomp;BAJA ATZ;35X12.5R20;121Q;M+S;14750;больше 20
Mickey Thomp;BAJA ATZ;38X12.5R20;124N;M+S;12950;4
;;R22;;;;
COOPER;ZEON LTZ;305/40R22;114S;M+S;8950;8
COOPER;ZEON XST-A;305/40R22;114V;M+S;7500;больше 20
TOYO;PROXES S/T II;305/40R22;118V;M+S;9750;20
TOYO;PROXES S/T II;305/45R22;118V;M+S;9950;4
COOPER;ZEON XST-A;305/45R22;118V;M+S;10950;больше 20
;;;;;;
;;;;;;
;;;;;;
;;;;;;
;;;;;;
;;;;;;
;;;;;;
;;;;;;
;;;;;;
;;;;;;
;;;;;;
;;;;;;
;;;;;;
;;;;;;
;;;;;;
;;;;;;
;;;;;;
;;;;;;
;;;;;;
;;;;;;
;;;;;;
;;;;;;
